<application>
  <component name="AndroidLogcatFilterHistory">
    <option name="mostRecentlyUsed" value="package:mine tag:LOL" />
    <option name="nonFavorites">
      <list>
        <option value="package:mine tag:LOL" />
        <option value="package:mine tag:MVI" />
        <option value="package:mine tag" />
        <option value="package:mine t" />
        <option value="package:mine level:error " />
        <option value="package:mine " />
        <option value="package:mine level:info tag:LOL" />
        <option value="level:ERROR " />
        <option value="E" />
        <option value="package:mine" />
      </list>
    </option>
  </component>
</application>