<application>
  <component name="ProjectJdkTable">
    <jdk version="2">
      <name value="Kotlin SDK" />
      <type value="KotlinSDK" />
      <version value="1.6.10-release-923" />
      <homePath value="$USER_HOME$/Library/Application Support/Google/AndroidStudio4.1/plugins/Kotlin/kotlinc" />
      <roots>
        <annotationsPath>
          <root type="composite" />
        </annotationsPath>
        <classPath>
          <root type="composite" />
        </classPath>
        <javadocPath>
          <root type="composite" />
        </javadocPath>
        <sourcePath>
          <root type="composite" />
        </sourcePath>
      </roots>
      <additional />
    </jdk>
    <jdk version="2">
      <name value="Android API 29 Platform" />
      <type value="Android SDK" />
      <version value="java version &quot;11.0.8&quot;" />
      <homePath value="$USER_HOME$/Library/Android/sdk" />
      <roots>
        <annotationsPath>
          <root type="composite">
            <root url="jar://$USER_HOME$/Library/Android/sdk/platforms/android-29/data/annotations.zip!/" type="simple" />
          </root>
        </annotationsPath>
        <classPath>
          <root type="composite">
            <root url="jar://$USER_HOME$/Library/Android/sdk/platforms/android-29/android.jar!/" type="simple" />
            <root url="file://$USER_HOME$/Library/Android/sdk/platforms/android-29/data/res" type="simple" />
          </root>
        </classPath>
        <javadocPath>
          <root type="composite">
            <root url="http://developer.android.com/reference/" type="simple" />
          </root>
        </javadocPath>
        <sourcePath>
          <root type="composite" />
        </sourcePath>
      </roots>
      <additional jdk="11" sdk="android-29" />
    </jdk>
    <jdk version="2">
      <name value="Android API 30 Platform" />
      <type value="Android SDK" />
      <version value="java version &quot;11.0.8&quot;" />
      <homePath value="$USER_HOME$/Library/Android/sdk" />
      <roots>
        <annotationsPath>
          <root type="composite">
            <root url="jar://$USER_HOME$/Library/Android/sdk/platforms/android-30/data/annotations.zip!/" type="simple" />
          </root>
        </annotationsPath>
        <classPath>
          <root type="composite">
            <root url="jar://$USER_HOME$/Library/Android/sdk/platforms/android-30/android.jar!/" type="simple" />
            <root url="file://$USER_HOME$/Library/Android/sdk/platforms/android-30/data/res" type="simple" />
          </root>
        </classPath>
        <javadocPath>
          <root type="composite" />
        </javadocPath>
        <sourcePath>
          <root type="composite">
            <root url="file://$USER_HOME$/Library/Android/sdk/sources/android-30" type="simple" />
          </root>
        </sourcePath>
      </roots>
      <additional jdk="11" sdk="android-30" />
    </jdk>
    <jdk version="2">
      <name value="11" />
      <type value="JavaSDK" />
      <version value="version 11.0.12" />
      <homePath value="$APPLICATION_HOME_DIR$/jre/Contents/Home" />
      <roots>
        <annotationsPath>
          <root type="composite">
            <root url="jar://$APPLICATION_HOME_DIR$/plugins/java/lib/jdkAnnotations.jar!/" type="simple" />
          </root>
        </annotationsPath>
        <classPath>
          <root type="composite">
            <root url="jrt:///Users/r.anchugov/Library/Application Support/JetBrains/Toolbox/apps/AndroidStudio/ch-0/212.5712.43.2112.8815526/Android Studio.app/Contents/jre/Contents/Home!/java.base" type="simple" />
            <root url="jrt:///Users/r.anchugov/Library/Application Support/JetBrains/Toolbox/apps/AndroidStudio/ch-0/212.5712.43.2112.8815526/Android Studio.app/Contents/jre/Contents/Home!/java.compiler" type="simple" />
            <root url="jrt:///Users/r.anchugov/Library/Application Support/JetBrains/Toolbox/apps/AndroidStudio/ch-0/212.5712.43.2112.8815526/Android Studio.app/Contents/jre/Contents/Home!/java.datatransfer" type="simple" />
            <root url="jrt:///Users/r.anchugov/Library/Application Support/JetBrains/Toolbox/apps/AndroidStudio/ch-0/212.5712.43.2112.8815526/Android Studio.app/Contents/jre/Contents/Home!/java.desktop" type="simple" />
            <root url="jrt:///Users/r.anchugov/Library/Application Support/JetBrains/Toolbox/apps/AndroidStudio/ch-0/212.5712.43.2112.8815526/Android Studio.app/Contents/jre/Contents/Home!/java.instrument" type="simple" />
            <root url="jrt:///Users/r.anchugov/Library/Application Support/JetBrains/Toolbox/apps/AndroidStudio/ch-0/212.5712.43.2112.8815526/Android Studio.app/Contents/jre/Contents/Home!/java.logging" type="simple" />
            <root url="jrt:///Users/r.anchugov/Library/Application Support/JetBrains/Toolbox/apps/AndroidStudio/ch-0/212.5712.43.2112.8815526/Android Studio.app/Contents/jre/Contents/Home!/java.management" type="simple" />
            <root url="jrt:///Users/r.anchugov/Library/Application Support/JetBrains/Toolbox/apps/AndroidStudio/ch-0/212.5712.43.2112.8815526/Android Studio.app/Contents/jre/Contents/Home!/java.management.rmi" type="simple" />
            <root url="jrt:///Users/r.anchugov/Library/Application Support/JetBrains/Toolbox/apps/AndroidStudio/ch-0/212.5712.43.2112.8815526/Android Studio.app/Contents/jre/Contents/Home!/java.naming" type="simple" />
            <root url="jrt:///Users/r.anchugov/Library/Application Support/JetBrains/Toolbox/apps/AndroidStudio/ch-0/212.5712.43.2112.8815526/Android Studio.app/Contents/jre/Contents/Home!/java.net.http" type="simple" />
            <root url="jrt:///Users/r.anchugov/Library/Application Support/JetBrains/Toolbox/apps/AndroidStudio/ch-0/212.5712.43.2112.8815526/Android Studio.app/Contents/jre/Contents/Home!/java.prefs" type="simple" />
            <root url="jrt:///Users/r.anchugov/Library/Application Support/JetBrains/Toolbox/apps/AndroidStudio/ch-0/212.5712.43.2112.8815526/Android Studio.app/Contents/jre/Contents/Home!/java.rmi" type="simple" />
            <root url="jrt:///Users/r.anchugov/Library/Application Support/JetBrains/Toolbox/apps/AndroidStudio/ch-0/212.5712.43.2112.8815526/Android Studio.app/Contents/jre/Contents/Home!/java.scripting" type="simple" />
            <root url="jrt:///Users/r.anchugov/Library/Application Support/JetBrains/Toolbox/apps/AndroidStudio/ch-0/212.5712.43.2112.8815526/Android Studio.app/Contents/jre/Contents/Home!/java.se" type="simple" />
            <root url="jrt:///Users/r.anchugov/Library/Application Support/JetBrains/Toolbox/apps/AndroidStudio/ch-0/212.5712.43.2112.8815526/Android Studio.app/Contents/jre/Contents/Home!/java.security.jgss" type="simple" />
            <root url="jrt:///Users/r.anchugov/Library/Application Support/JetBrains/Toolbox/apps/AndroidStudio/ch-0/212.5712.43.2112.8815526/Android Studio.app/Contents/jre/Contents/Home!/java.security.sasl" type="simple" />
            <root url="jrt:///Users/r.anchugov/Library/Application Support/JetBrains/Toolbox/apps/AndroidStudio/ch-0/212.5712.43.2112.8815526/Android Studio.app/Contents/jre/Contents/Home!/java.smartcardio" type="simple" />
            <root url="jrt:///Users/r.anchugov/Library/Application Support/JetBrains/Toolbox/apps/AndroidStudio/ch-0/212.5712.43.2112.8815526/Android Studio.app/Contents/jre/Contents/Home!/java.sql" type="simple" />
            <root url="jrt:///Users/r.anchugov/Library/Application Support/JetBrains/Toolbox/apps/AndroidStudio/ch-0/212.5712.43.2112.8815526/Android Studio.app/Contents/jre/Contents/Home!/java.sql.rowset" type="simple" />
            <root url="jrt:///Users/r.anchugov/Library/Application Support/JetBrains/Toolbox/apps/AndroidStudio/ch-0/212.5712.43.2112.8815526/Android Studio.app/Contents/jre/Contents/Home!/java.transaction.xa" type="simple" />
            <root url="jrt:///Users/r.anchugov/Library/Application Support/JetBrains/Toolbox/apps/AndroidStudio/ch-0/212.5712.43.2112.8815526/Android Studio.app/Contents/jre/Contents/Home!/java.xml" type="simple" />
            <root url="jrt:///Users/r.anchugov/Library/Application Support/JetBrains/Toolbox/apps/AndroidStudio/ch-0/212.5712.43.2112.8815526/Android Studio.app/Contents/jre/Contents/Home!/java.xml.crypto" type="simple" />
            <root url="jrt:///Users/r.anchugov/Library/Application Support/JetBrains/Toolbox/apps/AndroidStudio/ch-0/212.5712.43.2112.8815526/Android Studio.app/Contents/jre/Contents/Home!/jdk.accessibility" type="simple" />
            <root url="jrt:///Users/r.anchugov/Library/Application Support/JetBrains/Toolbox/apps/AndroidStudio/ch-0/212.5712.43.2112.8815526/Android Studio.app/Contents/jre/Contents/Home!/jdk.aot" type="simple" />
            <root url="jrt:///Users/r.anchugov/Library/Application Support/JetBrains/Toolbox/apps/AndroidStudio/ch-0/212.5712.43.2112.8815526/Android Studio.app/Contents/jre/Contents/Home!/jdk.attach" type="simple" />
            <root url="jrt:///Users/r.anchugov/Library/Application Support/JetBrains/Toolbox/apps/AndroidStudio/ch-0/212.5712.43.2112.8815526/Android Studio.app/Contents/jre/Contents/Home!/jdk.charsets" type="simple" />
            <root url="jrt:///Users/r.anchugov/Library/Application Support/JetBrains/Toolbox/apps/AndroidStudio/ch-0/212.5712.43.2112.8815526/Android Studio.app/Contents/jre/Contents/Home!/jdk.compiler" type="simple" />
            <root url="jrt:///Users/r.anchugov/Library/Application Support/JetBrains/Toolbox/apps/AndroidStudio/ch-0/212.5712.43.2112.8815526/Android Studio.app/Contents/jre/Contents/Home!/jdk.crypto.cryptoki" type="simple" />
            <root url="jrt:///Users/r.anchugov/Library/Application Support/JetBrains/Toolbox/apps/AndroidStudio/ch-0/212.5712.43.2112.8815526/Android Studio.app/Contents/jre/Contents/Home!/jdk.crypto.ec" type="simple" />
            <root url="jrt:///Users/r.anchugov/Library/Application Support/JetBrains/Toolbox/apps/AndroidStudio/ch-0/212.5712.43.2112.8815526/Android Studio.app/Contents/jre/Contents/Home!/jdk.dynalink" type="simple" />
            <root url="jrt:///Users/r.anchugov/Library/Application Support/JetBrains/Toolbox/apps/AndroidStudio/ch-0/212.5712.43.2112.8815526/Android Studio.app/Contents/jre/Contents/Home!/jdk.hotspot.agent" type="simple" />
            <root url="jrt:///Users/r.anchugov/Library/Application Support/JetBrains/Toolbox/apps/AndroidStudio/ch-0/212.5712.43.2112.8815526/Android Studio.app/Contents/jre/Contents/Home!/jdk.httpserver" type="simple" />
            <root url="jrt:///Users/r.anchugov/Library/Application Support/JetBrains/Toolbox/apps/AndroidStudio/ch-0/212.5712.43.2112.8815526/Android Studio.app/Contents/jre/Contents/Home!/jdk.internal.ed" type="simple" />
            <root url="jrt:///Users/r.anchugov/Library/Application Support/JetBrains/Toolbox/apps/AndroidStudio/ch-0/212.5712.43.2112.8815526/Android Studio.app/Contents/jre/Contents/Home!/jdk.internal.jvmstat" type="simple" />
            <root url="jrt:///Users/r.anchugov/Library/Application Support/JetBrains/Toolbox/apps/AndroidStudio/ch-0/212.5712.43.2112.8815526/Android Studio.app/Contents/jre/Contents/Home!/jdk.internal.le" type="simple" />
            <root url="jrt:///Users/r.anchugov/Library/Application Support/JetBrains/Toolbox/apps/AndroidStudio/ch-0/212.5712.43.2112.8815526/Android Studio.app/Contents/jre/Contents/Home!/jdk.internal.opt" type="simple" />
            <root url="jrt:///Users/r.anchugov/Library/Application Support/JetBrains/Toolbox/apps/AndroidStudio/ch-0/212.5712.43.2112.8815526/Android Studio.app/Contents/jre/Contents/Home!/jdk.internal.vm.ci" type="simple" />
            <root url="jrt:///Users/r.anchugov/Library/Application Support/JetBrains/Toolbox/apps/AndroidStudio/ch-0/212.5712.43.2112.8815526/Android Studio.app/Contents/jre/Contents/Home!/jdk.internal.vm.compiler" type="simple" />
            <root url="jrt:///Users/r.anchugov/Library/Application Support/JetBrains/Toolbox/apps/AndroidStudio/ch-0/212.5712.43.2112.8815526/Android Studio.app/Contents/jre/Contents/Home!/jdk.internal.vm.compiler.management" type="simple" />
            <root url="jrt:///Users/r.anchugov/Library/Application Support/JetBrains/Toolbox/apps/AndroidStudio/ch-0/212.5712.43.2112.8815526/Android Studio.app/Contents/jre/Contents/Home!/jdk.jartool" type="simple" />
            <root url="jrt:///Users/r.anchugov/Library/Application Support/JetBrains/Toolbox/apps/AndroidStudio/ch-0/212.5712.43.2112.8815526/Android Studio.app/Contents/jre/Contents/Home!/jdk.javadoc" type="simple" />
            <root url="jrt:///Users/r.anchugov/Library/Application Support/JetBrains/Toolbox/apps/AndroidStudio/ch-0/212.5712.43.2112.8815526/Android Studio.app/Contents/jre/Contents/Home!/jdk.jdeps" type="simple" />
            <root url="jrt:///Users/r.anchugov/Library/Application Support/JetBrains/Toolbox/apps/AndroidStudio/ch-0/212.5712.43.2112.8815526/Android Studio.app/Contents/jre/Contents/Home!/jdk.jdi" type="simple" />
            <root url="jrt:///Users/r.anchugov/Library/Application Support/JetBrains/Toolbox/apps/AndroidStudio/ch-0/212.5712.43.2112.8815526/Android Studio.app/Contents/jre/Contents/Home!/jdk.jdwp.agent" type="simple" />
            <root url="jrt:///Users/r.anchugov/Library/Application Support/JetBrains/Toolbox/apps/AndroidStudio/ch-0/212.5712.43.2112.8815526/Android Studio.app/Contents/jre/Contents/Home!/jdk.jfr" type="simple" />
            <root url="jrt:///Users/r.anchugov/Library/Application Support/JetBrains/Toolbox/apps/AndroidStudio/ch-0/212.5712.43.2112.8815526/Android Studio.app/Contents/jre/Contents/Home!/jdk.jlink" type="simple" />
            <root url="jrt:///Users/r.anchugov/Library/Application Support/JetBrains/Toolbox/apps/AndroidStudio/ch-0/212.5712.43.2112.8815526/Android Studio.app/Contents/jre/Contents/Home!/jdk.jsobject" type="simple" />
            <root url="jrt:///Users/r.anchugov/Library/Application Support/JetBrains/Toolbox/apps/AndroidStudio/ch-0/212.5712.43.2112.8815526/Android Studio.app/Contents/jre/Contents/Home!/jdk.localedata" type="simple" />
            <root url="jrt:///Users/r.anchugov/Library/Application Support/JetBrains/Toolbox/apps/AndroidStudio/ch-0/212.5712.43.2112.8815526/Android Studio.app/Contents/jre/Contents/Home!/jdk.management" type="simple" />
            <root url="jrt:///Users/r.anchugov/Library/Application Support/JetBrains/Toolbox/apps/AndroidStudio/ch-0/212.5712.43.2112.8815526/Android Studio.app/Contents/jre/Contents/Home!/jdk.management.agent" type="simple" />
            <root url="jrt:///Users/r.anchugov/Library/Application Support/JetBrains/Toolbox/apps/AndroidStudio/ch-0/212.5712.43.2112.8815526/Android Studio.app/Contents/jre/Contents/Home!/jdk.management.jfr" type="simple" />
            <root url="jrt:///Users/r.anchugov/Library/Application Support/JetBrains/Toolbox/apps/AndroidStudio/ch-0/212.5712.43.2112.8815526/Android Studio.app/Contents/jre/Contents/Home!/jdk.naming.dns" type="simple" />
            <root url="jrt:///Users/r.anchugov/Library/Application Support/JetBrains/Toolbox/apps/AndroidStudio/ch-0/212.5712.43.2112.8815526/Android Studio.app/Contents/jre/Contents/Home!/jdk.naming.rmi" type="simple" />
            <root url="jrt:///Users/r.anchugov/Library/Application Support/JetBrains/Toolbox/apps/AndroidStudio/ch-0/212.5712.43.2112.8815526/Android Studio.app/Contents/jre/Contents/Home!/jdk.net" type="simple" />
            <root url="jrt:///Users/r.anchugov/Library/Application Support/JetBrains/Toolbox/apps/AndroidStudio/ch-0/212.5712.43.2112.8815526/Android Studio.app/Contents/jre/Contents/Home!/jdk.pack" type="simple" />
            <root url="jrt:///Users/r.anchugov/Library/Application Support/JetBrains/Toolbox/apps/AndroidStudio/ch-0/212.5712.43.2112.8815526/Android Studio.app/Contents/jre/Contents/Home!/jdk.scripting.nashorn" type="simple" />
            <root url="jrt:///Users/r.anchugov/Library/Application Support/JetBrains/Toolbox/apps/AndroidStudio/ch-0/212.5712.43.2112.8815526/Android Studio.app/Contents/jre/Contents/Home!/jdk.scripting.nashorn.shell" type="simple" />
            <root url="jrt:///Users/r.anchugov/Library/Application Support/JetBrains/Toolbox/apps/AndroidStudio/ch-0/212.5712.43.2112.8815526/Android Studio.app/Contents/jre/Contents/Home!/jdk.sctp" type="simple" />
            <root url="jrt:///Users/r.anchugov/Library/Application Support/JetBrains/Toolbox/apps/AndroidStudio/ch-0/212.5712.43.2112.8815526/Android Studio.app/Contents/jre/Contents/Home!/jdk.security.auth" type="simple" />
            <root url="jrt:///Users/r.anchugov/Library/Application Support/JetBrains/Toolbox/apps/AndroidStudio/ch-0/212.5712.43.2112.8815526/Android Studio.app/Contents/jre/Contents/Home!/jdk.security.jgss" type="simple" />
            <root url="jrt:///Users/r.anchugov/Library/Application Support/JetBrains/Toolbox/apps/AndroidStudio/ch-0/212.5712.43.2112.8815526/Android Studio.app/Contents/jre/Contents/Home!/jdk.unsupported" type="simple" />
            <root url="jrt:///Users/r.anchugov/Library/Application Support/JetBrains/Toolbox/apps/AndroidStudio/ch-0/212.5712.43.2112.8815526/Android Studio.app/Contents/jre/Contents/Home!/jdk.xml.dom" type="simple" />
            <root url="jrt:///Users/r.anchugov/Library/Application Support/JetBrains/Toolbox/apps/AndroidStudio/ch-0/212.5712.43.2112.8815526/Android Studio.app/Contents/jre/Contents/Home!/jdk.zipfs" type="simple" />
          </root>
        </classPath>
        <javadocPath>
          <root type="composite" />
        </javadocPath>
        <sourcePath>
          <root type="composite" />
        </sourcePath>
      </roots>
      <additional />
    </jdk>
    <jdk version="2">
      <name value="Android API 31 Platform" />
      <type value="Android SDK" />
      <version value="version 11.0.10" />
      <homePath value="$USER_HOME$/Library/Android/sdk" />
      <roots>
        <annotationsPath>
          <root type="composite">
            <root url="jar://$USER_HOME$/Library/Android/sdk/platforms/android-31/data/annotations.zip!/" type="simple" />
          </root>
        </annotationsPath>
        <classPath>
          <root type="composite">
            <root url="jar://$USER_HOME$/Library/Android/sdk/platforms/android-31/android.jar!/" type="simple" />
            <root url="file://$USER_HOME$/Library/Android/sdk/platforms/android-31/data/res" type="simple" />
          </root>
        </classPath>
        <javadocPath>
          <root type="composite">
            <root url="http://developer.android.com/reference/" type="simple" />
          </root>
        </javadocPath>
        <sourcePath>
          <root type="composite" />
        </sourcePath>
      </roots>
      <additional jdk="11" sdk="android-31" />
    </jdk>
    <jdk version="2">
      <name value="Embedded JDK" />
      <type value="JavaSDK" />
      <version value="version 11.0.12" />
      <homePath value="$APPLICATION_HOME_DIR$/jre/Contents/Home" />
      <roots>
        <annotationsPath>
          <root type="composite">
            <root url="jar://$APPLICATION_HOME_DIR$/plugins/java/lib/jdkAnnotations.jar!/" type="simple" />
          </root>
        </annotationsPath>
        <classPath>
          <root type="composite">
            <root url="jrt:///Users/r.anchugov/Library/Application Support/JetBrains/Toolbox/apps/AndroidStudio/ch-0/212.5712.43.2112.8512546/Android Studio.app/Contents/jre/Contents/Home!/java.base" type="simple" />
            <root url="jrt:///Users/r.anchugov/Library/Application Support/JetBrains/Toolbox/apps/AndroidStudio/ch-0/212.5712.43.2112.8512546/Android Studio.app/Contents/jre/Contents/Home!/java.compiler" type="simple" />
            <root url="jrt:///Users/r.anchugov/Library/Application Support/JetBrains/Toolbox/apps/AndroidStudio/ch-0/212.5712.43.2112.8512546/Android Studio.app/Contents/jre/Contents/Home!/java.datatransfer" type="simple" />
            <root url="jrt:///Users/r.anchugov/Library/Application Support/JetBrains/Toolbox/apps/AndroidStudio/ch-0/212.5712.43.2112.8512546/Android Studio.app/Contents/jre/Contents/Home!/java.desktop" type="simple" />
            <root url="jrt:///Users/r.anchugov/Library/Application Support/JetBrains/Toolbox/apps/AndroidStudio/ch-0/212.5712.43.2112.8512546/Android Studio.app/Contents/jre/Contents/Home!/java.instrument" type="simple" />
            <root url="jrt:///Users/r.anchugov/Library/Application Support/JetBrains/Toolbox/apps/AndroidStudio/ch-0/212.5712.43.2112.8512546/Android Studio.app/Contents/jre/Contents/Home!/java.logging" type="simple" />
            <root url="jrt:///Users/r.anchugov/Library/Application Support/JetBrains/Toolbox/apps/AndroidStudio/ch-0/212.5712.43.2112.8512546/Android Studio.app/Contents/jre/Contents/Home!/java.management" type="simple" />
            <root url="jrt:///Users/r.anchugov/Library/Application Support/JetBrains/Toolbox/apps/AndroidStudio/ch-0/212.5712.43.2112.8512546/Android Studio.app/Contents/jre/Contents/Home!/java.management.rmi" type="simple" />
            <root url="jrt:///Users/r.anchugov/Library/Application Support/JetBrains/Toolbox/apps/AndroidStudio/ch-0/212.5712.43.2112.8512546/Android Studio.app/Contents/jre/Contents/Home!/java.naming" type="simple" />
            <root url="jrt:///Users/r.anchugov/Library/Application Support/JetBrains/Toolbox/apps/AndroidStudio/ch-0/212.5712.43.2112.8512546/Android Studio.app/Contents/jre/Contents/Home!/java.net.http" type="simple" />
            <root url="jrt:///Users/r.anchugov/Library/Application Support/JetBrains/Toolbox/apps/AndroidStudio/ch-0/212.5712.43.2112.8512546/Android Studio.app/Contents/jre/Contents/Home!/java.prefs" type="simple" />
            <root url="jrt:///Users/r.anchugov/Library/Application Support/JetBrains/Toolbox/apps/AndroidStudio/ch-0/212.5712.43.2112.8512546/Android Studio.app/Contents/jre/Contents/Home!/java.rmi" type="simple" />
            <root url="jrt:///Users/r.anchugov/Library/Application Support/JetBrains/Toolbox/apps/AndroidStudio/ch-0/212.5712.43.2112.8512546/Android Studio.app/Contents/jre/Contents/Home!/java.scripting" type="simple" />
            <root url="jrt:///Users/r.anchugov/Library/Application Support/JetBrains/Toolbox/apps/AndroidStudio/ch-0/212.5712.43.2112.8512546/Android Studio.app/Contents/jre/Contents/Home!/java.se" type="simple" />
            <root url="jrt:///Users/r.anchugov/Library/Application Support/JetBrains/Toolbox/apps/AndroidStudio/ch-0/212.5712.43.2112.8512546/Android Studio.app/Contents/jre/Contents/Home!/java.security.jgss" type="simple" />
            <root url="jrt:///Users/r.anchugov/Library/Application Support/JetBrains/Toolbox/apps/AndroidStudio/ch-0/212.5712.43.2112.8512546/Android Studio.app/Contents/jre/Contents/Home!/java.security.sasl" type="simple" />
            <root url="jrt:///Users/r.anchugov/Library/Application Support/JetBrains/Toolbox/apps/AndroidStudio/ch-0/212.5712.43.2112.8512546/Android Studio.app/Contents/jre/Contents/Home!/java.smartcardio" type="simple" />
            <root url="jrt:///Users/r.anchugov/Library/Application Support/JetBrains/Toolbox/apps/AndroidStudio/ch-0/212.5712.43.2112.8512546/Android Studio.app/Contents/jre/Contents/Home!/java.sql" type="simple" />
            <root url="jrt:///Users/r.anchugov/Library/Application Support/JetBrains/Toolbox/apps/AndroidStudio/ch-0/212.5712.43.2112.8512546/Android Studio.app/Contents/jre/Contents/Home!/java.sql.rowset" type="simple" />
            <root url="jrt:///Users/r.anchugov/Library/Application Support/JetBrains/Toolbox/apps/AndroidStudio/ch-0/212.5712.43.2112.8512546/Android Studio.app/Contents/jre/Contents/Home!/java.transaction.xa" type="simple" />
            <root url="jrt:///Users/r.anchugov/Library/Application Support/JetBrains/Toolbox/apps/AndroidStudio/ch-0/212.5712.43.2112.8512546/Android Studio.app/Contents/jre/Contents/Home!/java.xml" type="simple" />
            <root url="jrt:///Users/r.anchugov/Library/Application Support/JetBrains/Toolbox/apps/AndroidStudio/ch-0/212.5712.43.2112.8512546/Android Studio.app/Contents/jre/Contents/Home!/java.xml.crypto" type="simple" />
            <root url="jrt:///Users/r.anchugov/Library/Application Support/JetBrains/Toolbox/apps/AndroidStudio/ch-0/212.5712.43.2112.8512546/Android Studio.app/Contents/jre/Contents/Home!/jdk.accessibility" type="simple" />
            <root url="jrt:///Users/r.anchugov/Library/Application Support/JetBrains/Toolbox/apps/AndroidStudio/ch-0/212.5712.43.2112.8512546/Android Studio.app/Contents/jre/Contents/Home!/jdk.aot" type="simple" />
            <root url="jrt:///Users/r.anchugov/Library/Application Support/JetBrains/Toolbox/apps/AndroidStudio/ch-0/212.5712.43.2112.8512546/Android Studio.app/Contents/jre/Contents/Home!/jdk.attach" type="simple" />
            <root url="jrt:///Users/r.anchugov/Library/Application Support/JetBrains/Toolbox/apps/AndroidStudio/ch-0/212.5712.43.2112.8512546/Android Studio.app/Contents/jre/Contents/Home!/jdk.charsets" type="simple" />
            <root url="jrt:///Users/r.anchugov/Library/Application Support/JetBrains/Toolbox/apps/AndroidStudio/ch-0/212.5712.43.2112.8512546/Android Studio.app/Contents/jre/Contents/Home!/jdk.compiler" type="simple" />
            <root url="jrt:///Users/r.anchugov/Library/Application Support/JetBrains/Toolbox/apps/AndroidStudio/ch-0/212.5712.43.2112.8512546/Android Studio.app/Contents/jre/Contents/Home!/jdk.crypto.cryptoki" type="simple" />
            <root url="jrt:///Users/r.anchugov/Library/Application Support/JetBrains/Toolbox/apps/AndroidStudio/ch-0/212.5712.43.2112.8512546/Android Studio.app/Contents/jre/Contents/Home!/jdk.crypto.ec" type="simple" />
            <root url="jrt:///Users/r.anchugov/Library/Application Support/JetBrains/Toolbox/apps/AndroidStudio/ch-0/212.5712.43.2112.8512546/Android Studio.app/Contents/jre/Contents/Home!/jdk.dynalink" type="simple" />
            <root url="jrt:///Users/r.anchugov/Library/Application Support/JetBrains/Toolbox/apps/AndroidStudio/ch-0/212.5712.43.2112.8512546/Android Studio.app/Contents/jre/Contents/Home!/jdk.hotspot.agent" type="simple" />
            <root url="jrt:///Users/r.anchugov/Library/Application Support/JetBrains/Toolbox/apps/AndroidStudio/ch-0/212.5712.43.2112.8512546/Android Studio.app/Contents/jre/Contents/Home!/jdk.httpserver" type="simple" />
            <root url="jrt:///Users/r.anchugov/Library/Application Support/JetBrains/Toolbox/apps/AndroidStudio/ch-0/212.5712.43.2112.8512546/Android Studio.app/Contents/jre/Contents/Home!/jdk.internal.ed" type="simple" />
            <root url="jrt:///Users/r.anchugov/Library/Application Support/JetBrains/Toolbox/apps/AndroidStudio/ch-0/212.5712.43.2112.8512546/Android Studio.app/Contents/jre/Contents/Home!/jdk.internal.jvmstat" type="simple" />
            <root url="jrt:///Users/r.anchugov/Library/Application Support/JetBrains/Toolbox/apps/AndroidStudio/ch-0/212.5712.43.2112.8512546/Android Studio.app/Contents/jre/Contents/Home!/jdk.internal.le" type="simple" />
            <root url="jrt:///Users/r.anchugov/Library/Application Support/JetBrains/Toolbox/apps/AndroidStudio/ch-0/212.5712.43.2112.8512546/Android Studio.app/Contents/jre/Contents/Home!/jdk.internal.opt" type="simple" />
            <root url="jrt:///Users/r.anchugov/Library/Application Support/JetBrains/Toolbox/apps/AndroidStudio/ch-0/212.5712.43.2112.8512546/Android Studio.app/Contents/jre/Contents/Home!/jdk.internal.vm.ci" type="simple" />
            <root url="jrt:///Users/r.anchugov/Library/Application Support/JetBrains/Toolbox/apps/AndroidStudio/ch-0/212.5712.43.2112.8512546/Android Studio.app/Contents/jre/Contents/Home!/jdk.internal.vm.compiler" type="simple" />
            <root url="jrt:///Users/r.anchugov/Library/Application Support/JetBrains/Toolbox/apps/AndroidStudio/ch-0/212.5712.43.2112.8512546/Android Studio.app/Contents/jre/Contents/Home!/jdk.internal.vm.compiler.management" type="simple" />
            <root url="jrt:///Users/r.anchugov/Library/Application Support/JetBrains/Toolbox/apps/AndroidStudio/ch-0/212.5712.43.2112.8512546/Android Studio.app/Contents/jre/Contents/Home!/jdk.jartool" type="simple" />
            <root url="jrt:///Users/r.anchugov/Library/Application Support/JetBrains/Toolbox/apps/AndroidStudio/ch-0/212.5712.43.2112.8512546/Android Studio.app/Contents/jre/Contents/Home!/jdk.javadoc" type="simple" />
            <root url="jrt:///Users/r.anchugov/Library/Application Support/JetBrains/Toolbox/apps/AndroidStudio/ch-0/212.5712.43.2112.8512546/Android Studio.app/Contents/jre/Contents/Home!/jdk.jdeps" type="simple" />
            <root url="jrt:///Users/r.anchugov/Library/Application Support/JetBrains/Toolbox/apps/AndroidStudio/ch-0/212.5712.43.2112.8512546/Android Studio.app/Contents/jre/Contents/Home!/jdk.jdi" type="simple" />
            <root url="jrt:///Users/r.anchugov/Library/Application Support/JetBrains/Toolbox/apps/AndroidStudio/ch-0/212.5712.43.2112.8512546/Android Studio.app/Contents/jre/Contents/Home!/jdk.jdwp.agent" type="simple" />
            <root url="jrt:///Users/r.anchugov/Library/Application Support/JetBrains/Toolbox/apps/AndroidStudio/ch-0/212.5712.43.2112.8512546/Android Studio.app/Contents/jre/Contents/Home!/jdk.jfr" type="simple" />
            <root url="jrt:///Users/r.anchugov/Library/Application Support/JetBrains/Toolbox/apps/AndroidStudio/ch-0/212.5712.43.2112.8512546/Android Studio.app/Contents/jre/Contents/Home!/jdk.jlink" type="simple" />
            <root url="jrt:///Users/r.anchugov/Library/Application Support/JetBrains/Toolbox/apps/AndroidStudio/ch-0/212.5712.43.2112.8512546/Android Studio.app/Contents/jre/Contents/Home!/jdk.jsobject" type="simple" />
            <root url="jrt:///Users/r.anchugov/Library/Application Support/JetBrains/Toolbox/apps/AndroidStudio/ch-0/212.5712.43.2112.8512546/Android Studio.app/Contents/jre/Contents/Home!/jdk.localedata" type="simple" />
            <root url="jrt:///Users/r.anchugov/Library/Application Support/JetBrains/Toolbox/apps/AndroidStudio/ch-0/212.5712.43.2112.8512546/Android Studio.app/Contents/jre/Contents/Home!/jdk.management" type="simple" />
            <root url="jrt:///Users/r.anchugov/Library/Application Support/JetBrains/Toolbox/apps/AndroidStudio/ch-0/212.5712.43.2112.8512546/Android Studio.app/Contents/jre/Contents/Home!/jdk.management.agent" type="simple" />
            <root url="jrt:///Users/r.anchugov/Library/Application Support/JetBrains/Toolbox/apps/AndroidStudio/ch-0/212.5712.43.2112.8512546/Android Studio.app/Contents/jre/Contents/Home!/jdk.management.jfr" type="simple" />
            <root url="jrt:///Users/r.anchugov/Library/Application Support/JetBrains/Toolbox/apps/AndroidStudio/ch-0/212.5712.43.2112.8512546/Android Studio.app/Contents/jre/Contents/Home!/jdk.naming.dns" type="simple" />
            <root url="jrt:///Users/r.anchugov/Library/Application Support/JetBrains/Toolbox/apps/AndroidStudio/ch-0/212.5712.43.2112.8512546/Android Studio.app/Contents/jre/Contents/Home!/jdk.naming.rmi" type="simple" />
            <root url="jrt:///Users/r.anchugov/Library/Application Support/JetBrains/Toolbox/apps/AndroidStudio/ch-0/212.5712.43.2112.8512546/Android Studio.app/Contents/jre/Contents/Home!/jdk.net" type="simple" />
            <root url="jrt:///Users/r.anchugov/Library/Application Support/JetBrains/Toolbox/apps/AndroidStudio/ch-0/212.5712.43.2112.8512546/Android Studio.app/Contents/jre/Contents/Home!/jdk.pack" type="simple" />
            <root url="jrt:///Users/r.anchugov/Library/Application Support/JetBrains/Toolbox/apps/AndroidStudio/ch-0/212.5712.43.2112.8512546/Android Studio.app/Contents/jre/Contents/Home!/jdk.scripting.nashorn" type="simple" />
            <root url="jrt:///Users/r.anchugov/Library/Application Support/JetBrains/Toolbox/apps/AndroidStudio/ch-0/212.5712.43.2112.8512546/Android Studio.app/Contents/jre/Contents/Home!/jdk.scripting.nashorn.shell" type="simple" />
            <root url="jrt:///Users/r.anchugov/Library/Application Support/JetBrains/Toolbox/apps/AndroidStudio/ch-0/212.5712.43.2112.8512546/Android Studio.app/Contents/jre/Contents/Home!/jdk.sctp" type="simple" />
            <root url="jrt:///Users/r.anchugov/Library/Application Support/JetBrains/Toolbox/apps/AndroidStudio/ch-0/212.5712.43.2112.8512546/Android Studio.app/Contents/jre/Contents/Home!/jdk.security.auth" type="simple" />
            <root url="jrt:///Users/r.anchugov/Library/Application Support/JetBrains/Toolbox/apps/AndroidStudio/ch-0/212.5712.43.2112.8512546/Android Studio.app/Contents/jre/Contents/Home!/jdk.security.jgss" type="simple" />
            <root url="jrt:///Users/r.anchugov/Library/Application Support/JetBrains/Toolbox/apps/AndroidStudio/ch-0/212.5712.43.2112.8512546/Android Studio.app/Contents/jre/Contents/Home!/jdk.unsupported" type="simple" />
            <root url="jrt:///Users/r.anchugov/Library/Application Support/JetBrains/Toolbox/apps/AndroidStudio/ch-0/212.5712.43.2112.8512546/Android Studio.app/Contents/jre/Contents/Home!/jdk.xml.dom" type="simple" />
            <root url="jrt:///Users/r.anchugov/Library/Application Support/JetBrains/Toolbox/apps/AndroidStudio/ch-0/212.5712.43.2112.8512546/Android Studio.app/Contents/jre/Contents/Home!/jdk.zipfs" type="simple" />
          </root>
        </classPath>
        <javadocPath>
          <root type="composite" />
        </javadocPath>
        <sourcePath>
          <root type="composite" />
        </sourcePath>
      </roots>
      <additional />
    </jdk>
    <jdk version="2">
      <name value="Android Studio java home" />
      <type value="JavaSDK" />
      <version value="version 11.0.12" />
      <homePath value="$APPLICATION_HOME_DIR$/jre/Contents/Home" />
      <roots>
        <annotationsPath>
          <root type="composite">
            <root url="jar://$APPLICATION_HOME_DIR$/plugins/java/lib/jdkAnnotations.jar!/" type="simple" />
          </root>
        </annotationsPath>
        <classPath>
          <root type="composite">
            <root url="jrt:///Users/r.anchugov/Library/Application Support/JetBrains/Toolbox/apps/AndroidStudio/ch-0/212.5712.43.2112.8512546/Android Studio.app/Contents/jre/Contents/Home!/java.base" type="simple" />
            <root url="jrt:///Users/r.anchugov/Library/Application Support/JetBrains/Toolbox/apps/AndroidStudio/ch-0/212.5712.43.2112.8512546/Android Studio.app/Contents/jre/Contents/Home!/java.compiler" type="simple" />
            <root url="jrt:///Users/r.anchugov/Library/Application Support/JetBrains/Toolbox/apps/AndroidStudio/ch-0/212.5712.43.2112.8512546/Android Studio.app/Contents/jre/Contents/Home!/java.datatransfer" type="simple" />
            <root url="jrt:///Users/r.anchugov/Library/Application Support/JetBrains/Toolbox/apps/AndroidStudio/ch-0/212.5712.43.2112.8512546/Android Studio.app/Contents/jre/Contents/Home!/java.desktop" type="simple" />
            <root url="jrt:///Users/r.anchugov/Library/Application Support/JetBrains/Toolbox/apps/AndroidStudio/ch-0/212.5712.43.2112.8512546/Android Studio.app/Contents/jre/Contents/Home!/java.instrument" type="simple" />
            <root url="jrt:///Users/r.anchugov/Library/Application Support/JetBrains/Toolbox/apps/AndroidStudio/ch-0/212.5712.43.2112.8512546/Android Studio.app/Contents/jre/Contents/Home!/java.logging" type="simple" />
            <root url="jrt:///Users/r.anchugov/Library/Application Support/JetBrains/Toolbox/apps/AndroidStudio/ch-0/212.5712.43.2112.8512546/Android Studio.app/Contents/jre/Contents/Home!/java.management" type="simple" />
            <root url="jrt:///Users/r.anchugov/Library/Application Support/JetBrains/Toolbox/apps/AndroidStudio/ch-0/212.5712.43.2112.8512546/Android Studio.app/Contents/jre/Contents/Home!/java.management.rmi" type="simple" />
            <root url="jrt:///Users/r.anchugov/Library/Application Support/JetBrains/Toolbox/apps/AndroidStudio/ch-0/212.5712.43.2112.8512546/Android Studio.app/Contents/jre/Contents/Home!/java.naming" type="simple" />
            <root url="jrt:///Users/r.anchugov/Library/Application Support/JetBrains/Toolbox/apps/AndroidStudio/ch-0/212.5712.43.2112.8512546/Android Studio.app/Contents/jre/Contents/Home!/java.net.http" type="simple" />
            <root url="jrt:///Users/r.anchugov/Library/Application Support/JetBrains/Toolbox/apps/AndroidStudio/ch-0/212.5712.43.2112.8512546/Android Studio.app/Contents/jre/Contents/Home!/java.prefs" type="simple" />
            <root url="jrt:///Users/r.anchugov/Library/Application Support/JetBrains/Toolbox/apps/AndroidStudio/ch-0/212.5712.43.2112.8512546/Android Studio.app/Contents/jre/Contents/Home!/java.rmi" type="simple" />
            <root url="jrt:///Users/r.anchugov/Library/Application Support/JetBrains/Toolbox/apps/AndroidStudio/ch-0/212.5712.43.2112.8512546/Android Studio.app/Contents/jre/Contents/Home!/java.scripting" type="simple" />
            <root url="jrt:///Users/r.anchugov/Library/Application Support/JetBrains/Toolbox/apps/AndroidStudio/ch-0/212.5712.43.2112.8512546/Android Studio.app/Contents/jre/Contents/Home!/java.se" type="simple" />
            <root url="jrt:///Users/r.anchugov/Library/Application Support/JetBrains/Toolbox/apps/AndroidStudio/ch-0/212.5712.43.2112.8512546/Android Studio.app/Contents/jre/Contents/Home!/java.security.jgss" type="simple" />
            <root url="jrt:///Users/r.anchugov/Library/Application Support/JetBrains/Toolbox/apps/AndroidStudio/ch-0/212.5712.43.2112.8512546/Android Studio.app/Contents/jre/Contents/Home!/java.security.sasl" type="simple" />
            <root url="jrt:///Users/r.anchugov/Library/Application Support/JetBrains/Toolbox/apps/AndroidStudio/ch-0/212.5712.43.2112.8512546/Android Studio.app/Contents/jre/Contents/Home!/java.smartcardio" type="simple" />
            <root url="jrt:///Users/r.anchugov/Library/Application Support/JetBrains/Toolbox/apps/AndroidStudio/ch-0/212.5712.43.2112.8512546/Android Studio.app/Contents/jre/Contents/Home!/java.sql" type="simple" />
            <root url="jrt:///Users/r.anchugov/Library/Application Support/JetBrains/Toolbox/apps/AndroidStudio/ch-0/212.5712.43.2112.8512546/Android Studio.app/Contents/jre/Contents/Home!/java.sql.rowset" type="simple" />
            <root url="jrt:///Users/r.anchugov/Library/Application Support/JetBrains/Toolbox/apps/AndroidStudio/ch-0/212.5712.43.2112.8512546/Android Studio.app/Contents/jre/Contents/Home!/java.transaction.xa" type="simple" />
            <root url="jrt:///Users/r.anchugov/Library/Application Support/JetBrains/Toolbox/apps/AndroidStudio/ch-0/212.5712.43.2112.8512546/Android Studio.app/Contents/jre/Contents/Home!/java.xml" type="simple" />
            <root url="jrt:///Users/r.anchugov/Library/Application Support/JetBrains/Toolbox/apps/AndroidStudio/ch-0/212.5712.43.2112.8512546/Android Studio.app/Contents/jre/Contents/Home!/java.xml.crypto" type="simple" />
            <root url="jrt:///Users/r.anchugov/Library/Application Support/JetBrains/Toolbox/apps/AndroidStudio/ch-0/212.5712.43.2112.8512546/Android Studio.app/Contents/jre/Contents/Home!/jdk.accessibility" type="simple" />
            <root url="jrt:///Users/r.anchugov/Library/Application Support/JetBrains/Toolbox/apps/AndroidStudio/ch-0/212.5712.43.2112.8512546/Android Studio.app/Contents/jre/Contents/Home!/jdk.aot" type="simple" />
            <root url="jrt:///Users/r.anchugov/Library/Application Support/JetBrains/Toolbox/apps/AndroidStudio/ch-0/212.5712.43.2112.8512546/Android Studio.app/Contents/jre/Contents/Home!/jdk.attach" type="simple" />
            <root url="jrt:///Users/r.anchugov/Library/Application Support/JetBrains/Toolbox/apps/AndroidStudio/ch-0/212.5712.43.2112.8512546/Android Studio.app/Contents/jre/Contents/Home!/jdk.charsets" type="simple" />
            <root url="jrt:///Users/r.anchugov/Library/Application Support/JetBrains/Toolbox/apps/AndroidStudio/ch-0/212.5712.43.2112.8512546/Android Studio.app/Contents/jre/Contents/Home!/jdk.compiler" type="simple" />
            <root url="jrt:///Users/r.anchugov/Library/Application Support/JetBrains/Toolbox/apps/AndroidStudio/ch-0/212.5712.43.2112.8512546/Android Studio.app/Contents/jre/Contents/Home!/jdk.crypto.cryptoki" type="simple" />
            <root url="jrt:///Users/r.anchugov/Library/Application Support/JetBrains/Toolbox/apps/AndroidStudio/ch-0/212.5712.43.2112.8512546/Android Studio.app/Contents/jre/Contents/Home!/jdk.crypto.ec" type="simple" />
            <root url="jrt:///Users/r.anchugov/Library/Application Support/JetBrains/Toolbox/apps/AndroidStudio/ch-0/212.5712.43.2112.8512546/Android Studio.app/Contents/jre/Contents/Home!/jdk.dynalink" type="simple" />
            <root url="jrt:///Users/r.anchugov/Library/Application Support/JetBrains/Toolbox/apps/AndroidStudio/ch-0/212.5712.43.2112.8512546/Android Studio.app/Contents/jre/Contents/Home!/jdk.hotspot.agent" type="simple" />
            <root url="jrt:///Users/r.anchugov/Library/Application Support/JetBrains/Toolbox/apps/AndroidStudio/ch-0/212.5712.43.2112.8512546/Android Studio.app/Contents/jre/Contents/Home!/jdk.httpserver" type="simple" />
            <root url="jrt:///Users/r.anchugov/Library/Application Support/JetBrains/Toolbox/apps/AndroidStudio/ch-0/212.5712.43.2112.8512546/Android Studio.app/Contents/jre/Contents/Home!/jdk.internal.ed" type="simple" />
            <root url="jrt:///Users/r.anchugov/Library/Application Support/JetBrains/Toolbox/apps/AndroidStudio/ch-0/212.5712.43.2112.8512546/Android Studio.app/Contents/jre/Contents/Home!/jdk.internal.jvmstat" type="simple" />
            <root url="jrt:///Users/r.anchugov/Library/Application Support/JetBrains/Toolbox/apps/AndroidStudio/ch-0/212.5712.43.2112.8512546/Android Studio.app/Contents/jre/Contents/Home!/jdk.internal.le" type="simple" />
            <root url="jrt:///Users/r.anchugov/Library/Application Support/JetBrains/Toolbox/apps/AndroidStudio/ch-0/212.5712.43.2112.8512546/Android Studio.app/Contents/jre/Contents/Home!/jdk.internal.opt" type="simple" />
            <root url="jrt:///Users/r.anchugov/Library/Application Support/JetBrains/Toolbox/apps/AndroidStudio/ch-0/212.5712.43.2112.8512546/Android Studio.app/Contents/jre/Contents/Home!/jdk.internal.vm.ci" type="simple" />
            <root url="jrt:///Users/r.anchugov/Library/Application Support/JetBrains/Toolbox/apps/AndroidStudio/ch-0/212.5712.43.2112.8512546/Android Studio.app/Contents/jre/Contents/Home!/jdk.internal.vm.compiler" type="simple" />
            <root url="jrt:///Users/r.anchugov/Library/Application Support/JetBrains/Toolbox/apps/AndroidStudio/ch-0/212.5712.43.2112.8512546/Android Studio.app/Contents/jre/Contents/Home!/jdk.internal.vm.compiler.management" type="simple" />
            <root url="jrt:///Users/r.anchugov/Library/Application Support/JetBrains/Toolbox/apps/AndroidStudio/ch-0/212.5712.43.2112.8512546/Android Studio.app/Contents/jre/Contents/Home!/jdk.jartool" type="simple" />
            <root url="jrt:///Users/r.anchugov/Library/Application Support/JetBrains/Toolbox/apps/AndroidStudio/ch-0/212.5712.43.2112.8512546/Android Studio.app/Contents/jre/Contents/Home!/jdk.javadoc" type="simple" />
            <root url="jrt:///Users/r.anchugov/Library/Application Support/JetBrains/Toolbox/apps/AndroidStudio/ch-0/212.5712.43.2112.8512546/Android Studio.app/Contents/jre/Contents/Home!/jdk.jdeps" type="simple" />
            <root url="jrt:///Users/r.anchugov/Library/Application Support/JetBrains/Toolbox/apps/AndroidStudio/ch-0/212.5712.43.2112.8512546/Android Studio.app/Contents/jre/Contents/Home!/jdk.jdi" type="simple" />
            <root url="jrt:///Users/r.anchugov/Library/Application Support/JetBrains/Toolbox/apps/AndroidStudio/ch-0/212.5712.43.2112.8512546/Android Studio.app/Contents/jre/Contents/Home!/jdk.jdwp.agent" type="simple" />
            <root url="jrt:///Users/r.anchugov/Library/Application Support/JetBrains/Toolbox/apps/AndroidStudio/ch-0/212.5712.43.2112.8512546/Android Studio.app/Contents/jre/Contents/Home!/jdk.jfr" type="simple" />
            <root url="jrt:///Users/r.anchugov/Library/Application Support/JetBrains/Toolbox/apps/AndroidStudio/ch-0/212.5712.43.2112.8512546/Android Studio.app/Contents/jre/Contents/Home!/jdk.jlink" type="simple" />
            <root url="jrt:///Users/r.anchugov/Library/Application Support/JetBrains/Toolbox/apps/AndroidStudio/ch-0/212.5712.43.2112.8512546/Android Studio.app/Contents/jre/Contents/Home!/jdk.jsobject" type="simple" />
            <root url="jrt:///Users/r.anchugov/Library/Application Support/JetBrains/Toolbox/apps/AndroidStudio/ch-0/212.5712.43.2112.8512546/Android Studio.app/Contents/jre/Contents/Home!/jdk.localedata" type="simple" />
            <root url="jrt:///Users/r.anchugov/Library/Application Support/JetBrains/Toolbox/apps/AndroidStudio/ch-0/212.5712.43.2112.8512546/Android Studio.app/Contents/jre/Contents/Home!/jdk.management" type="simple" />
            <root url="jrt:///Users/r.anchugov/Library/Application Support/JetBrains/Toolbox/apps/AndroidStudio/ch-0/212.5712.43.2112.8512546/Android Studio.app/Contents/jre/Contents/Home!/jdk.management.agent" type="simple" />
            <root url="jrt:///Users/r.anchugov/Library/Application Support/JetBrains/Toolbox/apps/AndroidStudio/ch-0/212.5712.43.2112.8512546/Android Studio.app/Contents/jre/Contents/Home!/jdk.management.jfr" type="simple" />
            <root url="jrt:///Users/r.anchugov/Library/Application Support/JetBrains/Toolbox/apps/AndroidStudio/ch-0/212.5712.43.2112.8512546/Android Studio.app/Contents/jre/Contents/Home!/jdk.naming.dns" type="simple" />
            <root url="jrt:///Users/r.anchugov/Library/Application Support/JetBrains/Toolbox/apps/AndroidStudio/ch-0/212.5712.43.2112.8512546/Android Studio.app/Contents/jre/Contents/Home!/jdk.naming.rmi" type="simple" />
            <root url="jrt:///Users/r.anchugov/Library/Application Support/JetBrains/Toolbox/apps/AndroidStudio/ch-0/212.5712.43.2112.8512546/Android Studio.app/Contents/jre/Contents/Home!/jdk.net" type="simple" />
            <root url="jrt:///Users/r.anchugov/Library/Application Support/JetBrains/Toolbox/apps/AndroidStudio/ch-0/212.5712.43.2112.8512546/Android Studio.app/Contents/jre/Contents/Home!/jdk.pack" type="simple" />
            <root url="jrt:///Users/r.anchugov/Library/Application Support/JetBrains/Toolbox/apps/AndroidStudio/ch-0/212.5712.43.2112.8512546/Android Studio.app/Contents/jre/Contents/Home!/jdk.scripting.nashorn" type="simple" />
            <root url="jrt:///Users/r.anchugov/Library/Application Support/JetBrains/Toolbox/apps/AndroidStudio/ch-0/212.5712.43.2112.8512546/Android Studio.app/Contents/jre/Contents/Home!/jdk.scripting.nashorn.shell" type="simple" />
            <root url="jrt:///Users/r.anchugov/Library/Application Support/JetBrains/Toolbox/apps/AndroidStudio/ch-0/212.5712.43.2112.8512546/Android Studio.app/Contents/jre/Contents/Home!/jdk.sctp" type="simple" />
            <root url="jrt:///Users/r.anchugov/Library/Application Support/JetBrains/Toolbox/apps/AndroidStudio/ch-0/212.5712.43.2112.8512546/Android Studio.app/Contents/jre/Contents/Home!/jdk.security.auth" type="simple" />
            <root url="jrt:///Users/r.anchugov/Library/Application Support/JetBrains/Toolbox/apps/AndroidStudio/ch-0/212.5712.43.2112.8512546/Android Studio.app/Contents/jre/Contents/Home!/jdk.security.jgss" type="simple" />
            <root url="jrt:///Users/r.anchugov/Library/Application Support/JetBrains/Toolbox/apps/AndroidStudio/ch-0/212.5712.43.2112.8512546/Android Studio.app/Contents/jre/Contents/Home!/jdk.unsupported" type="simple" />
            <root url="jrt:///Users/r.anchugov/Library/Application Support/JetBrains/Toolbox/apps/AndroidStudio/ch-0/212.5712.43.2112.8512546/Android Studio.app/Contents/jre/Contents/Home!/jdk.xml.dom" type="simple" />
            <root url="jrt:///Users/r.anchugov/Library/Application Support/JetBrains/Toolbox/apps/AndroidStudio/ch-0/212.5712.43.2112.8512546/Android Studio.app/Contents/jre/Contents/Home!/jdk.zipfs" type="simple" />
          </root>
        </classPath>
        <javadocPath>
          <root type="composite" />
        </javadocPath>
        <sourcePath>
          <root type="composite" />
        </sourcePath>
      </roots>
      <additional />
    </jdk>
    <jdk version="2">
      <name value="adopt-openjdk-11" />
      <type value="JavaSDK" />
      <version value="AdoptOpenJDK (HostSpot) version 11.0.10" />
      <homePath value="/Library/Java/JavaVirtualMachines/adoptopenjdk-11.jdk/Contents/Home" />
      <roots>
        <annotationsPath>
          <root type="composite">
            <root url="jar://$APPLICATION_HOME_DIR$/plugins/java/lib/jdkAnnotations.jar!/" type="simple" />
          </root>
        </annotationsPath>
        <classPath>
          <root type="composite">
            <root url="jrt:///Library/Java/JavaVirtualMachines/adoptopenjdk-11.jdk/Contents/Home!/java.base" type="simple" />
            <root url="jrt:///Library/Java/JavaVirtualMachines/adoptopenjdk-11.jdk/Contents/Home!/java.compiler" type="simple" />
            <root url="jrt:///Library/Java/JavaVirtualMachines/adoptopenjdk-11.jdk/Contents/Home!/java.datatransfer" type="simple" />
            <root url="jrt:///Library/Java/JavaVirtualMachines/adoptopenjdk-11.jdk/Contents/Home!/java.desktop" type="simple" />
            <root url="jrt:///Library/Java/JavaVirtualMachines/adoptopenjdk-11.jdk/Contents/Home!/java.instrument" type="simple" />
            <root url="jrt:///Library/Java/JavaVirtualMachines/adoptopenjdk-11.jdk/Contents/Home!/java.logging" type="simple" />
            <root url="jrt:///Library/Java/JavaVirtualMachines/adoptopenjdk-11.jdk/Contents/Home!/java.management" type="simple" />
            <root url="jrt:///Library/Java/JavaVirtualMachines/adoptopenjdk-11.jdk/Contents/Home!/java.management.rmi" type="simple" />
            <root url="jrt:///Library/Java/JavaVirtualMachines/adoptopenjdk-11.jdk/Contents/Home!/java.naming" type="simple" />
            <root url="jrt:///Library/Java/JavaVirtualMachines/adoptopenjdk-11.jdk/Contents/Home!/java.net.http" type="simple" />
            <root url="jrt:///Library/Java/JavaVirtualMachines/adoptopenjdk-11.jdk/Contents/Home!/java.prefs" type="simple" />
            <root url="jrt:///Library/Java/JavaVirtualMachines/adoptopenjdk-11.jdk/Contents/Home!/java.rmi" type="simple" />
            <root url="jrt:///Library/Java/JavaVirtualMachines/adoptopenjdk-11.jdk/Contents/Home!/java.scripting" type="simple" />
            <root url="jrt:///Library/Java/JavaVirtualMachines/adoptopenjdk-11.jdk/Contents/Home!/java.se" type="simple" />
            <root url="jrt:///Library/Java/JavaVirtualMachines/adoptopenjdk-11.jdk/Contents/Home!/java.security.jgss" type="simple" />
            <root url="jrt:///Library/Java/JavaVirtualMachines/adoptopenjdk-11.jdk/Contents/Home!/java.security.sasl" type="simple" />
            <root url="jrt:///Library/Java/JavaVirtualMachines/adoptopenjdk-11.jdk/Contents/Home!/java.smartcardio" type="simple" />
            <root url="jrt:///Library/Java/JavaVirtualMachines/adoptopenjdk-11.jdk/Contents/Home!/java.sql" type="simple" />
            <root url="jrt:///Library/Java/JavaVirtualMachines/adoptopenjdk-11.jdk/Contents/Home!/java.sql.rowset" type="simple" />
            <root url="jrt:///Library/Java/JavaVirtualMachines/adoptopenjdk-11.jdk/Contents/Home!/java.transaction.xa" type="simple" />
            <root url="jrt:///Library/Java/JavaVirtualMachines/adoptopenjdk-11.jdk/Contents/Home!/java.xml" type="simple" />
            <root url="jrt:///Library/Java/JavaVirtualMachines/adoptopenjdk-11.jdk/Contents/Home!/java.xml.crypto" type="simple" />
            <root url="jrt:///Library/Java/JavaVirtualMachines/adoptopenjdk-11.jdk/Contents/Home!/jdk.accessibility" type="simple" />
            <root url="jrt:///Library/Java/JavaVirtualMachines/adoptopenjdk-11.jdk/Contents/Home!/jdk.aot" type="simple" />
            <root url="jrt:///Library/Java/JavaVirtualMachines/adoptopenjdk-11.jdk/Contents/Home!/jdk.attach" type="simple" />
            <root url="jrt:///Library/Java/JavaVirtualMachines/adoptopenjdk-11.jdk/Contents/Home!/jdk.charsets" type="simple" />
            <root url="jrt:///Library/Java/JavaVirtualMachines/adoptopenjdk-11.jdk/Contents/Home!/jdk.compiler" type="simple" />
            <root url="jrt:///Library/Java/JavaVirtualMachines/adoptopenjdk-11.jdk/Contents/Home!/jdk.crypto.cryptoki" type="simple" />
            <root url="jrt:///Library/Java/JavaVirtualMachines/adoptopenjdk-11.jdk/Contents/Home!/jdk.crypto.ec" type="simple" />
            <root url="jrt:///Library/Java/JavaVirtualMachines/adoptopenjdk-11.jdk/Contents/Home!/jdk.dynalink" type="simple" />
            <root url="jrt:///Library/Java/JavaVirtualMachines/adoptopenjdk-11.jdk/Contents/Home!/jdk.editpad" type="simple" />
            <root url="jrt:///Library/Java/JavaVirtualMachines/adoptopenjdk-11.jdk/Contents/Home!/jdk.hotspot.agent" type="simple" />
            <root url="jrt:///Library/Java/JavaVirtualMachines/adoptopenjdk-11.jdk/Contents/Home!/jdk.httpserver" type="simple" />
            <root url="jrt:///Library/Java/JavaVirtualMachines/adoptopenjdk-11.jdk/Contents/Home!/jdk.internal.ed" type="simple" />
            <root url="jrt:///Library/Java/JavaVirtualMachines/adoptopenjdk-11.jdk/Contents/Home!/jdk.internal.jvmstat" type="simple" />
            <root url="jrt:///Library/Java/JavaVirtualMachines/adoptopenjdk-11.jdk/Contents/Home!/jdk.internal.le" type="simple" />
            <root url="jrt:///Library/Java/JavaVirtualMachines/adoptopenjdk-11.jdk/Contents/Home!/jdk.internal.opt" type="simple" />
            <root url="jrt:///Library/Java/JavaVirtualMachines/adoptopenjdk-11.jdk/Contents/Home!/jdk.internal.vm.ci" type="simple" />
            <root url="jrt:///Library/Java/JavaVirtualMachines/adoptopenjdk-11.jdk/Contents/Home!/jdk.internal.vm.compiler" type="simple" />
            <root url="jrt:///Library/Java/JavaVirtualMachines/adoptopenjdk-11.jdk/Contents/Home!/jdk.internal.vm.compiler.management" type="simple" />
            <root url="jrt:///Library/Java/JavaVirtualMachines/adoptopenjdk-11.jdk/Contents/Home!/jdk.jartool" type="simple" />
            <root url="jrt:///Library/Java/JavaVirtualMachines/adoptopenjdk-11.jdk/Contents/Home!/jdk.javadoc" type="simple" />
            <root url="jrt:///Library/Java/JavaVirtualMachines/adoptopenjdk-11.jdk/Contents/Home!/jdk.jcmd" type="simple" />
            <root url="jrt:///Library/Java/JavaVirtualMachines/adoptopenjdk-11.jdk/Contents/Home!/jdk.jconsole" type="simple" />
            <root url="jrt:///Library/Java/JavaVirtualMachines/adoptopenjdk-11.jdk/Contents/Home!/jdk.jdeps" type="simple" />
            <root url="jrt:///Library/Java/JavaVirtualMachines/adoptopenjdk-11.jdk/Contents/Home!/jdk.jdi" type="simple" />
            <root url="jrt:///Library/Java/JavaVirtualMachines/adoptopenjdk-11.jdk/Contents/Home!/jdk.jdwp.agent" type="simple" />
            <root url="jrt:///Library/Java/JavaVirtualMachines/adoptopenjdk-11.jdk/Contents/Home!/jdk.jfr" type="simple" />
            <root url="jrt:///Library/Java/JavaVirtualMachines/adoptopenjdk-11.jdk/Contents/Home!/jdk.jlink" type="simple" />
            <root url="jrt:///Library/Java/JavaVirtualMachines/adoptopenjdk-11.jdk/Contents/Home!/jdk.jshell" type="simple" />
            <root url="jrt:///Library/Java/JavaVirtualMachines/adoptopenjdk-11.jdk/Contents/Home!/jdk.jsobject" type="simple" />
            <root url="jrt:///Library/Java/JavaVirtualMachines/adoptopenjdk-11.jdk/Contents/Home!/jdk.jstatd" type="simple" />
            <root url="jrt:///Library/Java/JavaVirtualMachines/adoptopenjdk-11.jdk/Contents/Home!/jdk.localedata" type="simple" />
            <root url="jrt:///Library/Java/JavaVirtualMachines/adoptopenjdk-11.jdk/Contents/Home!/jdk.management" type="simple" />
            <root url="jrt:///Library/Java/JavaVirtualMachines/adoptopenjdk-11.jdk/Contents/Home!/jdk.management.agent" type="simple" />
            <root url="jrt:///Library/Java/JavaVirtualMachines/adoptopenjdk-11.jdk/Contents/Home!/jdk.management.jfr" type="simple" />
            <root url="jrt:///Library/Java/JavaVirtualMachines/adoptopenjdk-11.jdk/Contents/Home!/jdk.naming.dns" type="simple" />
            <root url="jrt:///Library/Java/JavaVirtualMachines/adoptopenjdk-11.jdk/Contents/Home!/jdk.naming.ldap" type="simple" />
            <root url="jrt:///Library/Java/JavaVirtualMachines/adoptopenjdk-11.jdk/Contents/Home!/jdk.naming.rmi" type="simple" />
            <root url="jrt:///Library/Java/JavaVirtualMachines/adoptopenjdk-11.jdk/Contents/Home!/jdk.net" type="simple" />
            <root url="jrt:///Library/Java/JavaVirtualMachines/adoptopenjdk-11.jdk/Contents/Home!/jdk.pack" type="simple" />
            <root url="jrt:///Library/Java/JavaVirtualMachines/adoptopenjdk-11.jdk/Contents/Home!/jdk.rmic" type="simple" />
            <root url="jrt:///Library/Java/JavaVirtualMachines/adoptopenjdk-11.jdk/Contents/Home!/jdk.scripting.nashorn" type="simple" />
            <root url="jrt:///Library/Java/JavaVirtualMachines/adoptopenjdk-11.jdk/Contents/Home!/jdk.scripting.nashorn.shell" type="simple" />
            <root url="jrt:///Library/Java/JavaVirtualMachines/adoptopenjdk-11.jdk/Contents/Home!/jdk.sctp" type="simple" />
            <root url="jrt:///Library/Java/JavaVirtualMachines/adoptopenjdk-11.jdk/Contents/Home!/jdk.security.auth" type="simple" />
            <root url="jrt:///Library/Java/JavaVirtualMachines/adoptopenjdk-11.jdk/Contents/Home!/jdk.security.jgss" type="simple" />
            <root url="jrt:///Library/Java/JavaVirtualMachines/adoptopenjdk-11.jdk/Contents/Home!/jdk.unsupported" type="simple" />
            <root url="jrt:///Library/Java/JavaVirtualMachines/adoptopenjdk-11.jdk/Contents/Home!/jdk.unsupported.desktop" type="simple" />
            <root url="jrt:///Library/Java/JavaVirtualMachines/adoptopenjdk-11.jdk/Contents/Home!/jdk.xml.dom" type="simple" />
            <root url="jrt:///Library/Java/JavaVirtualMachines/adoptopenjdk-11.jdk/Contents/Home!/jdk.zipfs" type="simple" />
          </root>
        </classPath>
        <javadocPath>
          <root type="composite" />
        </javadocPath>
        <sourcePath>
          <root type="composite">
            <root url="jar:///Library/Java/JavaVirtualMachines/adoptopenjdk-11.jdk/Contents/Home/lib/src.zip!/java.se" type="simple" />
            <root url="jar:///Library/Java/JavaVirtualMachines/adoptopenjdk-11.jdk/Contents/Home/lib/src.zip!/jdk.aot" type="simple" />
            <root url="jar:///Library/Java/JavaVirtualMachines/adoptopenjdk-11.jdk/Contents/Home/lib/src.zip!/jdk.jdi" type="simple" />
            <root url="jar:///Library/Java/JavaVirtualMachines/adoptopenjdk-11.jdk/Contents/Home/lib/src.zip!/jdk.jfr" type="simple" />
            <root url="jar:///Library/Java/JavaVirtualMachines/adoptopenjdk-11.jdk/Contents/Home/lib/src.zip!/jdk.net" type="simple" />
            <root url="jar:///Library/Java/JavaVirtualMachines/adoptopenjdk-11.jdk/Contents/Home/lib/src.zip!/java.rmi" type="simple" />
            <root url="jar:///Library/Java/JavaVirtualMachines/adoptopenjdk-11.jdk/Contents/Home/lib/src.zip!/java.sql" type="simple" />
            <root url="jar:///Library/Java/JavaVirtualMachines/adoptopenjdk-11.jdk/Contents/Home/lib/src.zip!/java.xml" type="simple" />
            <root url="jar:///Library/Java/JavaVirtualMachines/adoptopenjdk-11.jdk/Contents/Home/lib/src.zip!/jdk.jcmd" type="simple" />
            <root url="jar:///Library/Java/JavaVirtualMachines/adoptopenjdk-11.jdk/Contents/Home/lib/src.zip!/jdk.pack" type="simple" />
            <root url="jar:///Library/Java/JavaVirtualMachines/adoptopenjdk-11.jdk/Contents/Home/lib/src.zip!/jdk.rmic" type="simple" />
            <root url="jar:///Library/Java/JavaVirtualMachines/adoptopenjdk-11.jdk/Contents/Home/lib/src.zip!/jdk.sctp" type="simple" />
            <root url="jar:///Library/Java/JavaVirtualMachines/adoptopenjdk-11.jdk/Contents/Home/lib/src.zip!/java.base" type="simple" />
            <root url="jar:///Library/Java/JavaVirtualMachines/adoptopenjdk-11.jdk/Contents/Home/lib/src.zip!/jdk.jdeps" type="simple" />
            <root url="jar:///Library/Java/JavaVirtualMachines/adoptopenjdk-11.jdk/Contents/Home/lib/src.zip!/jdk.jlink" type="simple" />
            <root url="jar:///Library/Java/JavaVirtualMachines/adoptopenjdk-11.jdk/Contents/Home/lib/src.zip!/jdk.zipfs" type="simple" />
            <root url="jar:///Library/Java/JavaVirtualMachines/adoptopenjdk-11.jdk/Contents/Home/lib/src.zip!/java.prefs" type="simple" />
            <root url="jar:///Library/Java/JavaVirtualMachines/adoptopenjdk-11.jdk/Contents/Home/lib/src.zip!/jdk.attach" type="simple" />
            <root url="jar:///Library/Java/JavaVirtualMachines/adoptopenjdk-11.jdk/Contents/Home/lib/src.zip!/jdk.jshell" type="simple" />
            <root url="jar:///Library/Java/JavaVirtualMachines/adoptopenjdk-11.jdk/Contents/Home/lib/src.zip!/jdk.jstatd" type="simple" />
            <root url="jar:///Library/Java/JavaVirtualMachines/adoptopenjdk-11.jdk/Contents/Home/lib/src.zip!/java.naming" type="simple" />
            <root url="jar:///Library/Java/JavaVirtualMachines/adoptopenjdk-11.jdk/Contents/Home/lib/src.zip!/jdk.editpad" type="simple" />
            <root url="jar:///Library/Java/JavaVirtualMachines/adoptopenjdk-11.jdk/Contents/Home/lib/src.zip!/jdk.jartool" type="simple" />
            <root url="jar:///Library/Java/JavaVirtualMachines/adoptopenjdk-11.jdk/Contents/Home/lib/src.zip!/jdk.javadoc" type="simple" />
            <root url="jar:///Library/Java/JavaVirtualMachines/adoptopenjdk-11.jdk/Contents/Home/lib/src.zip!/jdk.xml.dom" type="simple" />
            <root url="jar:///Library/Java/JavaVirtualMachines/adoptopenjdk-11.jdk/Contents/Home/lib/src.zip!/java.desktop" type="simple" />
            <root url="jar:///Library/Java/JavaVirtualMachines/adoptopenjdk-11.jdk/Contents/Home/lib/src.zip!/java.logging" type="simple" />
            <root url="jar:///Library/Java/JavaVirtualMachines/adoptopenjdk-11.jdk/Contents/Home/lib/src.zip!/jdk.charsets" type="simple" />
            <root url="jar:///Library/Java/JavaVirtualMachines/adoptopenjdk-11.jdk/Contents/Home/lib/src.zip!/jdk.compiler" type="simple" />
            <root url="jar:///Library/Java/JavaVirtualMachines/adoptopenjdk-11.jdk/Contents/Home/lib/src.zip!/jdk.dynalink" type="simple" />
            <root url="jar:///Library/Java/JavaVirtualMachines/adoptopenjdk-11.jdk/Contents/Home/lib/src.zip!/jdk.jconsole" type="simple" />
            <root url="jar:///Library/Java/JavaVirtualMachines/adoptopenjdk-11.jdk/Contents/Home/lib/src.zip!/jdk.jsobject" type="simple" />
            <root url="jar:///Library/Java/JavaVirtualMachines/adoptopenjdk-11.jdk/Contents/Home/lib/src.zip!/java.compiler" type="simple" />
            <root url="jar:///Library/Java/JavaVirtualMachines/adoptopenjdk-11.jdk/Contents/Home/lib/src.zip!/java.net.http" type="simple" />
            <root url="jar:///Library/Java/JavaVirtualMachines/adoptopenjdk-11.jdk/Contents/Home/lib/src.zip!/jdk.crypto.ec" type="simple" />
            <root url="jar:///Library/Java/JavaVirtualMachines/adoptopenjdk-11.jdk/Contents/Home/lib/src.zip!/java.scripting" type="simple" />
            <root url="jar:///Library/Java/JavaVirtualMachines/adoptopenjdk-11.jdk/Contents/Home/lib/src.zip!/jdk.httpserver" type="simple" />
            <root url="jar:///Library/Java/JavaVirtualMachines/adoptopenjdk-11.jdk/Contents/Home/lib/src.zip!/jdk.jdwp.agent" type="simple" />
            <root url="jar:///Library/Java/JavaVirtualMachines/adoptopenjdk-11.jdk/Contents/Home/lib/src.zip!/jdk.localedata" type="simple" />
            <root url="jar:///Library/Java/JavaVirtualMachines/adoptopenjdk-11.jdk/Contents/Home/lib/src.zip!/jdk.management" type="simple" />
            <root url="jar:///Library/Java/JavaVirtualMachines/adoptopenjdk-11.jdk/Contents/Home/lib/src.zip!/jdk.naming.dns" type="simple" />
            <root url="jar:///Library/Java/JavaVirtualMachines/adoptopenjdk-11.jdk/Contents/Home/lib/src.zip!/jdk.naming.rmi" type="simple" />
            <root url="jar:///Library/Java/JavaVirtualMachines/adoptopenjdk-11.jdk/Contents/Home/lib/src.zip!/java.instrument" type="simple" />
            <root url="jar:///Library/Java/JavaVirtualMachines/adoptopenjdk-11.jdk/Contents/Home/lib/src.zip!/java.management" type="simple" />
            <root url="jar:///Library/Java/JavaVirtualMachines/adoptopenjdk-11.jdk/Contents/Home/lib/src.zip!/java.sql.rowset" type="simple" />
            <root url="jar:///Library/Java/JavaVirtualMachines/adoptopenjdk-11.jdk/Contents/Home/lib/src.zip!/java.xml.crypto" type="simple" />
            <root url="jar:///Library/Java/JavaVirtualMachines/adoptopenjdk-11.jdk/Contents/Home/lib/src.zip!/jdk.internal.ed" type="simple" />
            <root url="jar:///Library/Java/JavaVirtualMachines/adoptopenjdk-11.jdk/Contents/Home/lib/src.zip!/jdk.internal.le" type="simple" />
            <root url="jar:///Library/Java/JavaVirtualMachines/adoptopenjdk-11.jdk/Contents/Home/lib/src.zip!/jdk.naming.ldap" type="simple" />
            <root url="jar:///Library/Java/JavaVirtualMachines/adoptopenjdk-11.jdk/Contents/Home/lib/src.zip!/jdk.unsupported" type="simple" />
            <root url="jar:///Library/Java/JavaVirtualMachines/adoptopenjdk-11.jdk/Contents/Home/lib/src.zip!/java.smartcardio" type="simple" />
            <root url="jar:///Library/Java/JavaVirtualMachines/adoptopenjdk-11.jdk/Contents/Home/lib/src.zip!/jdk.internal.opt" type="simple" />
            <root url="jar:///Library/Java/JavaVirtualMachines/adoptopenjdk-11.jdk/Contents/Home/lib/src.zip!/java.datatransfer" type="simple" />
            <root url="jar:///Library/Java/JavaVirtualMachines/adoptopenjdk-11.jdk/Contents/Home/lib/src.zip!/jdk.accessibility" type="simple" />
            <root url="jar:///Library/Java/JavaVirtualMachines/adoptopenjdk-11.jdk/Contents/Home/lib/src.zip!/jdk.hotspot.agent" type="simple" />
            <root url="jar:///Library/Java/JavaVirtualMachines/adoptopenjdk-11.jdk/Contents/Home/lib/src.zip!/jdk.security.auth" type="simple" />
            <root url="jar:///Library/Java/JavaVirtualMachines/adoptopenjdk-11.jdk/Contents/Home/lib/src.zip!/jdk.security.jgss" type="simple" />
            <root url="jar:///Library/Java/JavaVirtualMachines/adoptopenjdk-11.jdk/Contents/Home/lib/src.zip!/java.security.jgss" type="simple" />
            <root url="jar:///Library/Java/JavaVirtualMachines/adoptopenjdk-11.jdk/Contents/Home/lib/src.zip!/java.security.sasl" type="simple" />
            <root url="jar:///Library/Java/JavaVirtualMachines/adoptopenjdk-11.jdk/Contents/Home/lib/src.zip!/jdk.internal.vm.ci" type="simple" />
            <root url="jar:///Library/Java/JavaVirtualMachines/adoptopenjdk-11.jdk/Contents/Home/lib/src.zip!/jdk.management.jfr" type="simple" />
            <root url="jar:///Library/Java/JavaVirtualMachines/adoptopenjdk-11.jdk/Contents/Home/lib/src.zip!/java.management.rmi" type="simple" />
            <root url="jar:///Library/Java/JavaVirtualMachines/adoptopenjdk-11.jdk/Contents/Home/lib/src.zip!/java.transaction.xa" type="simple" />
            <root url="jar:///Library/Java/JavaVirtualMachines/adoptopenjdk-11.jdk/Contents/Home/lib/src.zip!/jdk.crypto.cryptoki" type="simple" />
            <root url="jar:///Library/Java/JavaVirtualMachines/adoptopenjdk-11.jdk/Contents/Home/lib/src.zip!/jdk.internal.jvmstat" type="simple" />
            <root url="jar:///Library/Java/JavaVirtualMachines/adoptopenjdk-11.jdk/Contents/Home/lib/src.zip!/jdk.management.agent" type="simple" />
            <root url="jar:///Library/Java/JavaVirtualMachines/adoptopenjdk-11.jdk/Contents/Home/lib/src.zip!/jdk.scripting.nashorn" type="simple" />
            <root url="jar:///Library/Java/JavaVirtualMachines/adoptopenjdk-11.jdk/Contents/Home/lib/src.zip!/jdk.unsupported.desktop" type="simple" />
            <root url="jar:///Library/Java/JavaVirtualMachines/adoptopenjdk-11.jdk/Contents/Home/lib/src.zip!/jdk.internal.vm.compiler" type="simple" />
            <root url="jar:///Library/Java/JavaVirtualMachines/adoptopenjdk-11.jdk/Contents/Home/lib/src.zip!/jdk.scripting.nashorn.shell" type="simple" />
            <root url="jar:///Library/Java/JavaVirtualMachines/adoptopenjdk-11.jdk/Contents/Home/lib/src.zip!/jdk.internal.vm.compiler.management" type="simple" />
          </root>
        </sourcePath>
      </roots>
      <additional />
    </jdk>
    <jdk version="2">
      <name value="Android API 32 Platform" />
      <type value="Android SDK" />
      <version value="AdoptOpenJDK (HostSpot) version 11.0.10" />
      <homePath value="$USER_HOME$/Library/Android/sdk" />
      <roots>
        <annotationsPath>
          <root type="composite">
            <root url="jar://$USER_HOME$/Library/Android/sdk/platforms/android-32/data/annotations.zip!/" type="simple" />
          </root>
        </annotationsPath>
        <classPath>
          <root type="composite">
            <root url="jar://$USER_HOME$/Library/Android/sdk/platforms/android-32/android.jar!/" type="simple" />
            <root url="file://$USER_HOME$/Library/Android/sdk/platforms/android-32/data/res" type="simple" />
          </root>
        </classPath>
        <javadocPath>
          <root type="composite">
            <root url="http://developer.android.com/reference/" type="simple" />
          </root>
        </javadocPath>
        <sourcePath>
          <root type="composite" />
        </sourcePath>
      </roots>
      <additional jdk="11" sdk="android-32" />
    </jdk>
    <jdk version="2">
      <name value="11 (2)" />
      <type value="JavaSDK" />
      <version value="java version &quot;11.0.12&quot;" />
      <homePath value="$APPLICATION_HOME_DIR$/jre/Contents/Home" />
      <roots>
        <annotationsPath>
          <root type="composite">
            <root url="jar://$APPLICATION_HOME_DIR$/plugins/java/lib/jdkAnnotations.jar!/" type="simple" />
          </root>
        </annotationsPath>
        <classPath>
          <root type="composite">
            <root url="jrt:///Users/r.anchugov/Library/Application Support/JetBrains/Toolbox/apps/AndroidStudio/ch-0/212.5712.43.2112.8609683/Android Studio.app/Contents/jre/Contents/Home!/java.base" type="simple" />
            <root url="jrt:///Users/r.anchugov/Library/Application Support/JetBrains/Toolbox/apps/AndroidStudio/ch-0/212.5712.43.2112.8609683/Android Studio.app/Contents/jre/Contents/Home!/java.compiler" type="simple" />
            <root url="jrt:///Users/r.anchugov/Library/Application Support/JetBrains/Toolbox/apps/AndroidStudio/ch-0/212.5712.43.2112.8609683/Android Studio.app/Contents/jre/Contents/Home!/java.datatransfer" type="simple" />
            <root url="jrt:///Users/r.anchugov/Library/Application Support/JetBrains/Toolbox/apps/AndroidStudio/ch-0/212.5712.43.2112.8609683/Android Studio.app/Contents/jre/Contents/Home!/java.desktop" type="simple" />
            <root url="jrt:///Users/r.anchugov/Library/Application Support/JetBrains/Toolbox/apps/AndroidStudio/ch-0/212.5712.43.2112.8609683/Android Studio.app/Contents/jre/Contents/Home!/java.instrument" type="simple" />
            <root url="jrt:///Users/r.anchugov/Library/Application Support/JetBrains/Toolbox/apps/AndroidStudio/ch-0/212.5712.43.2112.8609683/Android Studio.app/Contents/jre/Contents/Home!/java.logging" type="simple" />
            <root url="jrt:///Users/r.anchugov/Library/Application Support/JetBrains/Toolbox/apps/AndroidStudio/ch-0/212.5712.43.2112.8609683/Android Studio.app/Contents/jre/Contents/Home!/java.management" type="simple" />
            <root url="jrt:///Users/r.anchugov/Library/Application Support/JetBrains/Toolbox/apps/AndroidStudio/ch-0/212.5712.43.2112.8609683/Android Studio.app/Contents/jre/Contents/Home!/java.management.rmi" type="simple" />
            <root url="jrt:///Users/r.anchugov/Library/Application Support/JetBrains/Toolbox/apps/AndroidStudio/ch-0/212.5712.43.2112.8609683/Android Studio.app/Contents/jre/Contents/Home!/java.naming" type="simple" />
            <root url="jrt:///Users/r.anchugov/Library/Application Support/JetBrains/Toolbox/apps/AndroidStudio/ch-0/212.5712.43.2112.8609683/Android Studio.app/Contents/jre/Contents/Home!/java.net.http" type="simple" />
            <root url="jrt:///Users/r.anchugov/Library/Application Support/JetBrains/Toolbox/apps/AndroidStudio/ch-0/212.5712.43.2112.8609683/Android Studio.app/Contents/jre/Contents/Home!/java.prefs" type="simple" />
            <root url="jrt:///Users/r.anchugov/Library/Application Support/JetBrains/Toolbox/apps/AndroidStudio/ch-0/212.5712.43.2112.8609683/Android Studio.app/Contents/jre/Contents/Home!/java.rmi" type="simple" />
            <root url="jrt:///Users/r.anchugov/Library/Application Support/JetBrains/Toolbox/apps/AndroidStudio/ch-0/212.5712.43.2112.8609683/Android Studio.app/Contents/jre/Contents/Home!/java.scripting" type="simple" />
            <root url="jrt:///Users/r.anchugov/Library/Application Support/JetBrains/Toolbox/apps/AndroidStudio/ch-0/212.5712.43.2112.8609683/Android Studio.app/Contents/jre/Contents/Home!/java.se" type="simple" />
            <root url="jrt:///Users/r.anchugov/Library/Application Support/JetBrains/Toolbox/apps/AndroidStudio/ch-0/212.5712.43.2112.8609683/Android Studio.app/Contents/jre/Contents/Home!/java.security.jgss" type="simple" />
            <root url="jrt:///Users/r.anchugov/Library/Application Support/JetBrains/Toolbox/apps/AndroidStudio/ch-0/212.5712.43.2112.8609683/Android Studio.app/Contents/jre/Contents/Home!/java.security.sasl" type="simple" />
            <root url="jrt:///Users/r.anchugov/Library/Application Support/JetBrains/Toolbox/apps/AndroidStudio/ch-0/212.5712.43.2112.8609683/Android Studio.app/Contents/jre/Contents/Home!/java.smartcardio" type="simple" />
            <root url="jrt:///Users/r.anchugov/Library/Application Support/JetBrains/Toolbox/apps/AndroidStudio/ch-0/212.5712.43.2112.8609683/Android Studio.app/Contents/jre/Contents/Home!/java.sql" type="simple" />
            <root url="jrt:///Users/r.anchugov/Library/Application Support/JetBrains/Toolbox/apps/AndroidStudio/ch-0/212.5712.43.2112.8609683/Android Studio.app/Contents/jre/Contents/Home!/java.sql.rowset" type="simple" />
            <root url="jrt:///Users/r.anchugov/Library/Application Support/JetBrains/Toolbox/apps/AndroidStudio/ch-0/212.5712.43.2112.8609683/Android Studio.app/Contents/jre/Contents/Home!/java.transaction.xa" type="simple" />
            <root url="jrt:///Users/r.anchugov/Library/Application Support/JetBrains/Toolbox/apps/AndroidStudio/ch-0/212.5712.43.2112.8609683/Android Studio.app/Contents/jre/Contents/Home!/java.xml" type="simple" />
            <root url="jrt:///Users/r.anchugov/Library/Application Support/JetBrains/Toolbox/apps/AndroidStudio/ch-0/212.5712.43.2112.8609683/Android Studio.app/Contents/jre/Contents/Home!/java.xml.crypto" type="simple" />
            <root url="jrt:///Users/r.anchugov/Library/Application Support/JetBrains/Toolbox/apps/AndroidStudio/ch-0/212.5712.43.2112.8609683/Android Studio.app/Contents/jre/Contents/Home!/jdk.accessibility" type="simple" />
            <root url="jrt:///Users/r.anchugov/Library/Application Support/JetBrains/Toolbox/apps/AndroidStudio/ch-0/212.5712.43.2112.8609683/Android Studio.app/Contents/jre/Contents/Home!/jdk.aot" type="simple" />
            <root url="jrt:///Users/r.anchugov/Library/Application Support/JetBrains/Toolbox/apps/AndroidStudio/ch-0/212.5712.43.2112.8609683/Android Studio.app/Contents/jre/Contents/Home!/jdk.attach" type="simple" />
            <root url="jrt:///Users/r.anchugov/Library/Application Support/JetBrains/Toolbox/apps/AndroidStudio/ch-0/212.5712.43.2112.8609683/Android Studio.app/Contents/jre/Contents/Home!/jdk.charsets" type="simple" />
            <root url="jrt:///Users/r.anchugov/Library/Application Support/JetBrains/Toolbox/apps/AndroidStudio/ch-0/212.5712.43.2112.8609683/Android Studio.app/Contents/jre/Contents/Home!/jdk.compiler" type="simple" />
            <root url="jrt:///Users/r.anchugov/Library/Application Support/JetBrains/Toolbox/apps/AndroidStudio/ch-0/212.5712.43.2112.8609683/Android Studio.app/Contents/jre/Contents/Home!/jdk.crypto.cryptoki" type="simple" />
            <root url="jrt:///Users/r.anchugov/Library/Application Support/JetBrains/Toolbox/apps/AndroidStudio/ch-0/212.5712.43.2112.8609683/Android Studio.app/Contents/jre/Contents/Home!/jdk.crypto.ec" type="simple" />
            <root url="jrt:///Users/r.anchugov/Library/Application Support/JetBrains/Toolbox/apps/AndroidStudio/ch-0/212.5712.43.2112.8609683/Android Studio.app/Contents/jre/Contents/Home!/jdk.dynalink" type="simple" />
            <root url="jrt:///Users/r.anchugov/Library/Application Support/JetBrains/Toolbox/apps/AndroidStudio/ch-0/212.5712.43.2112.8609683/Android Studio.app/Contents/jre/Contents/Home!/jdk.hotspot.agent" type="simple" />
            <root url="jrt:///Users/r.anchugov/Library/Application Support/JetBrains/Toolbox/apps/AndroidStudio/ch-0/212.5712.43.2112.8609683/Android Studio.app/Contents/jre/Contents/Home!/jdk.httpserver" type="simple" />
            <root url="jrt:///Users/r.anchugov/Library/Application Support/JetBrains/Toolbox/apps/AndroidStudio/ch-0/212.5712.43.2112.8609683/Android Studio.app/Contents/jre/Contents/Home!/jdk.internal.ed" type="simple" />
            <root url="jrt:///Users/r.anchugov/Library/Application Support/JetBrains/Toolbox/apps/AndroidStudio/ch-0/212.5712.43.2112.8609683/Android Studio.app/Contents/jre/Contents/Home!/jdk.internal.jvmstat" type="simple" />
            <root url="jrt:///Users/r.anchugov/Library/Application Support/JetBrains/Toolbox/apps/AndroidStudio/ch-0/212.5712.43.2112.8609683/Android Studio.app/Contents/jre/Contents/Home!/jdk.internal.le" type="simple" />
            <root url="jrt:///Users/r.anchugov/Library/Application Support/JetBrains/Toolbox/apps/AndroidStudio/ch-0/212.5712.43.2112.8609683/Android Studio.app/Contents/jre/Contents/Home!/jdk.internal.opt" type="simple" />
            <root url="jrt:///Users/r.anchugov/Library/Application Support/JetBrains/Toolbox/apps/AndroidStudio/ch-0/212.5712.43.2112.8609683/Android Studio.app/Contents/jre/Contents/Home!/jdk.internal.vm.ci" type="simple" />
            <root url="jrt:///Users/r.anchugov/Library/Application Support/JetBrains/Toolbox/apps/AndroidStudio/ch-0/212.5712.43.2112.8609683/Android Studio.app/Contents/jre/Contents/Home!/jdk.internal.vm.compiler" type="simple" />
            <root url="jrt:///Users/r.anchugov/Library/Application Support/JetBrains/Toolbox/apps/AndroidStudio/ch-0/212.5712.43.2112.8609683/Android Studio.app/Contents/jre/Contents/Home!/jdk.internal.vm.compiler.management" type="simple" />
            <root url="jrt:///Users/r.anchugov/Library/Application Support/JetBrains/Toolbox/apps/AndroidStudio/ch-0/212.5712.43.2112.8609683/Android Studio.app/Contents/jre/Contents/Home!/jdk.jartool" type="simple" />
            <root url="jrt:///Users/r.anchugov/Library/Application Support/JetBrains/Toolbox/apps/AndroidStudio/ch-0/212.5712.43.2112.8609683/Android Studio.app/Contents/jre/Contents/Home!/jdk.javadoc" type="simple" />
            <root url="jrt:///Users/r.anchugov/Library/Application Support/JetBrains/Toolbox/apps/AndroidStudio/ch-0/212.5712.43.2112.8609683/Android Studio.app/Contents/jre/Contents/Home!/jdk.jdeps" type="simple" />
            <root url="jrt:///Users/r.anchugov/Library/Application Support/JetBrains/Toolbox/apps/AndroidStudio/ch-0/212.5712.43.2112.8609683/Android Studio.app/Contents/jre/Contents/Home!/jdk.jdi" type="simple" />
            <root url="jrt:///Users/r.anchugov/Library/Application Support/JetBrains/Toolbox/apps/AndroidStudio/ch-0/212.5712.43.2112.8609683/Android Studio.app/Contents/jre/Contents/Home!/jdk.jdwp.agent" type="simple" />
            <root url="jrt:///Users/r.anchugov/Library/Application Support/JetBrains/Toolbox/apps/AndroidStudio/ch-0/212.5712.43.2112.8609683/Android Studio.app/Contents/jre/Contents/Home!/jdk.jfr" type="simple" />
            <root url="jrt:///Users/r.anchugov/Library/Application Support/JetBrains/Toolbox/apps/AndroidStudio/ch-0/212.5712.43.2112.8609683/Android Studio.app/Contents/jre/Contents/Home!/jdk.jlink" type="simple" />
            <root url="jrt:///Users/r.anchugov/Library/Application Support/JetBrains/Toolbox/apps/AndroidStudio/ch-0/212.5712.43.2112.8609683/Android Studio.app/Contents/jre/Contents/Home!/jdk.jsobject" type="simple" />
            <root url="jrt:///Users/r.anchugov/Library/Application Support/JetBrains/Toolbox/apps/AndroidStudio/ch-0/212.5712.43.2112.8609683/Android Studio.app/Contents/jre/Contents/Home!/jdk.localedata" type="simple" />
            <root url="jrt:///Users/r.anchugov/Library/Application Support/JetBrains/Toolbox/apps/AndroidStudio/ch-0/212.5712.43.2112.8609683/Android Studio.app/Contents/jre/Contents/Home!/jdk.management" type="simple" />
            <root url="jrt:///Users/r.anchugov/Library/Application Support/JetBrains/Toolbox/apps/AndroidStudio/ch-0/212.5712.43.2112.8609683/Android Studio.app/Contents/jre/Contents/Home!/jdk.management.agent" type="simple" />
            <root url="jrt:///Users/r.anchugov/Library/Application Support/JetBrains/Toolbox/apps/AndroidStudio/ch-0/212.5712.43.2112.8609683/Android Studio.app/Contents/jre/Contents/Home!/jdk.management.jfr" type="simple" />
            <root url="jrt:///Users/r.anchugov/Library/Application Support/JetBrains/Toolbox/apps/AndroidStudio/ch-0/212.5712.43.2112.8609683/Android Studio.app/Contents/jre/Contents/Home!/jdk.naming.dns" type="simple" />
            <root url="jrt:///Users/r.anchugov/Library/Application Support/JetBrains/Toolbox/apps/AndroidStudio/ch-0/212.5712.43.2112.8609683/Android Studio.app/Contents/jre/Contents/Home!/jdk.naming.rmi" type="simple" />
            <root url="jrt:///Users/r.anchugov/Library/Application Support/JetBrains/Toolbox/apps/AndroidStudio/ch-0/212.5712.43.2112.8609683/Android Studio.app/Contents/jre/Contents/Home!/jdk.net" type="simple" />
            <root url="jrt:///Users/r.anchugov/Library/Application Support/JetBrains/Toolbox/apps/AndroidStudio/ch-0/212.5712.43.2112.8609683/Android Studio.app/Contents/jre/Contents/Home!/jdk.pack" type="simple" />
            <root url="jrt:///Users/r.anchugov/Library/Application Support/JetBrains/Toolbox/apps/AndroidStudio/ch-0/212.5712.43.2112.8609683/Android Studio.app/Contents/jre/Contents/Home!/jdk.scripting.nashorn" type="simple" />
            <root url="jrt:///Users/r.anchugov/Library/Application Support/JetBrains/Toolbox/apps/AndroidStudio/ch-0/212.5712.43.2112.8609683/Android Studio.app/Contents/jre/Contents/Home!/jdk.scripting.nashorn.shell" type="simple" />
            <root url="jrt:///Users/r.anchugov/Library/Application Support/JetBrains/Toolbox/apps/AndroidStudio/ch-0/212.5712.43.2112.8609683/Android Studio.app/Contents/jre/Contents/Home!/jdk.sctp" type="simple" />
            <root url="jrt:///Users/r.anchugov/Library/Application Support/JetBrains/Toolbox/apps/AndroidStudio/ch-0/212.5712.43.2112.8609683/Android Studio.app/Contents/jre/Contents/Home!/jdk.security.auth" type="simple" />
            <root url="jrt:///Users/r.anchugov/Library/Application Support/JetBrains/Toolbox/apps/AndroidStudio/ch-0/212.5712.43.2112.8609683/Android Studio.app/Contents/jre/Contents/Home!/jdk.security.jgss" type="simple" />
            <root url="jrt:///Users/r.anchugov/Library/Application Support/JetBrains/Toolbox/apps/AndroidStudio/ch-0/212.5712.43.2112.8609683/Android Studio.app/Contents/jre/Contents/Home!/jdk.unsupported" type="simple" />
            <root url="jrt:///Users/r.anchugov/Library/Application Support/JetBrains/Toolbox/apps/AndroidStudio/ch-0/212.5712.43.2112.8609683/Android Studio.app/Contents/jre/Contents/Home!/jdk.xml.dom" type="simple" />
            <root url="jrt:///Users/r.anchugov/Library/Application Support/JetBrains/Toolbox/apps/AndroidStudio/ch-0/212.5712.43.2112.8609683/Android Studio.app/Contents/jre/Contents/Home!/jdk.zipfs" type="simple" />
          </root>
        </classPath>
        <javadocPath>
          <root type="composite">
            <root url="https://docs.oracle.com/en/java/javase/11/docs/api/" type="simple" />
          </root>
        </javadocPath>
        <sourcePath>
          <root type="composite" />
        </sourcePath>
      </roots>
      <additional />
    </jdk>
  </component>
</application>