<application>
  <component name="BuildProcessSatisfactionSurveyStore">
    <option name="daysWithGradleBuilds" value="1" />
    <option name="firstKotlinGradleBuildTime" value="1740564997" />
    <option name="lastKotlinGradleBuildTime" value="1740568333" />
    <option name="nextCountedGradleBuild" value="1740651397" />
  </component>
  <component name="KotlinNewUserTracker">
    <option name="firstKtFileOpened" value="1740564569" />
    <option name="lastKtFileOpened" value="1740565308" />
    <option name="newKtUserSince" value="1740564569" />
  </component>
</application>