<application>
  <component name="BuildProcessSatisfactionSurveyStore">
    <option name="daysWithGradleBuilds" value="10" />
    <option name="firstKotlinGradleBuildTime" value="1740564997" />
    <option name="lastKotlinGradleBuildTime" value="1742888895" />
    <option name="nextCountedGradleBuild" value="1742896882" />
  </component>
  <component name="KotlinNewUserTracker">
    <option name="firstKtFileOpened" value="1740564569" />
    <option name="lastKtFileOpened" value="1742909109" />
    <option name="newKtUserSince" value="1740564569" />
  </component>
</application>