<application>
  <component name="MaterialThemeConfig">
    <option name="compactDropdowns" value="true" />
    <option name="compactMenus" value="true" />
    <option name="compactStatusBar" value="true" />
    <option name="compactTables" value="true" />
    <option name="contrastMode" value="true" />
    <option name="tabFontSizeEnabled" value="true" />
    <option name="treeFontSizeEnabled" value="true" />
    <option name="useMaterialWallpapers" value="true" />
    <option name="allowDataCollection" value="true" />
    <option name="isCompactDropdowns" value="true" />
    <option name="isCompactMenus" value="true" />
    <option name="isCompactStatusBar" value="true" />
    <option name="isCompactTables" value="true" />
    <option name="isContrastMode" value="true" />
    <option name="isTreeFontSizeEnabled" value="true" />
    <option name="isTabFontSizeEnabled" value="true" />
    <option name="isUseMaterialWallpapers" value="true" />
    <option name="accentColor" value="416a9b" />
    <option name="selectedTheme" value="NATIVE" />
    <option name="userId" value="4b4b4835:18da2ab7736:-8000" />
    <option name="version" value="8.6.4" />
  </component>
</application>