<application>
  <component name="MaterialThemeNewConfig">
    <option name="accentState">
      <MTAccentConfigState>
        <option name="accentColorHex" value="589df6" />
      </MTAccentConfigState>
    </option>
    <option name="featuresState">
      <MTFeaturesConfigState>
        <option name="centeredEditor" value="true" />
      </MTFeaturesConfigState>
    </option>
    <option name="metadata">
      <MTMetadataState>
        <option name="pristineConfig" value="false" />
        <option name="userId" value="-78dcf29a:1953861302d:-8000" />
        <option name="version" value="9.5.0" />
        <option name="wizardShown" value="true" />
      </MTMetadataState>
    </option>
    <option name="tabsState">
      <MTTabsConfigState>
        <option name="tabsHeight" value="24" />
      </MTTabsConfigState>
    </option>
    <option name="themeState">
      <MTThemeConfigState>
        <option name="selectedThemeName" value="NATIVE" />
      </MTThemeConfigState>
    </option>
  </component>
</application>