<application>
  <component name="UISettings">
    <option name="ACTIVATE_RIGHT_EDITOR_ON_CLOSE" value="true" />
    <option name="EDITOR_TAB_LIMIT" value="15" />
    <option name="HIDE_TOOL_STRIPES" value="true" />
    <option name="SCROLL_TAB_LAYOUT_IN_EDITOR" value="false" />
    <option name="SHOW_NAVIGATION_BAR_MEMBERS" value="false" />
    <option name="SHOW_STATUS_BAR" value="false" />
    <option name="UI_DENSITY" value="COMPACT" />
    <option name="WIDESCREEN_SUPPORT" value="true" />
  </component>
</application>