<application>
  <component name="GitRememberedInputs">
    <option name="visitedUrls">
      <list>
        <UrlAndUserName>
          <option name="url" value="https://github.com/RomanAnchugov/RevolutTest" />
          <option name="userName" value="" />
        </UrlAndUserName>
        <UrlAndUserName>
          <option name="url" value="https://github.com/RomanAnchugov/RevolutTest.git" />
          <option name="userName" value="" />
        </UrlAndUserName>
        <UrlAndUserName>
          <option name="url" value="https://gitlab.rambler.ru/afisha-mobile/afisha-android" />
          <option name="userName" value="" />
        </UrlAndUserName>
        <UrlAndUserName>
          <option name="url" value="http://gitlab.rambler.ru" />
          <option name="userName" value="r.anchugov" />
        </UrlAndUserName>
        <UrlAndUserName>
          <option name="url" value="http://github.com" />
          <option name="userName" value="RomanAnchugov" />
        </UrlAndUserName>
        <UrlAndUserName>
          <option name="url" value="http://stash.tcsbank.ru&quot;" />
          <option name="userName" value="r.anchugov" />
        </UrlAndUserName>
        <UrlAndUserName>
          <option name="url" value="https://g.hse.ru/hse-apps/apps/hse-april-android" />
          <option name="userName" value="" />
        </UrlAndUserName>
        <UrlAndUserName>
          <option name="url" value="http://g.hse.ru" />
          <option name="userName" value="ranchugov" />
        </UrlAndUserName>
        <UrlAndUserName>
          <option name="url" value="git@g.hse.ru:hse-apps/apps/hse-april-android.git" />
          <option name="userName" value="" />
        </UrlAndUserName>
        <UrlAndUserName>
          <option name="url" value="http://stash.tcsbank.ru" />
          <option name="userName" value="r.anchugov" />
        </UrlAndUserName>
        <UrlAndUserName>
          <option name="url" value="http://gitlab.tcsbank.ru" />
          <option name="userName" value="r.anchugov" />
        </UrlAndUserName>
        <UrlAndUserName>
          <option name="url" value="https://github.com/wasabeef/recyclerview-animators" />
          <option name="userName" value="" />
        </UrlAndUserName>
        <UrlAndUserName>
          <option name="url" value="https://gitlab.tcsbank.ru/coretech-mobile-android/tinkoff-uikit" />
          <option name="userName" value="" />
        </UrlAndUserName>
        <UrlAndUserName>
          <option name="url" value="https://gitlab.tcsbank.ru/r.anchugov/tinkoff-uikit-ranchugov" />
          <option name="userName" value="" />
        </UrlAndUserName>
      </list>
    </option>
    <option name="cloneParentDir" value="$USER_HOME$/AndroidStudioProjects" />
  </component>
  <component name="Vcs.Log.App.Settings">
    <option name="COLUMN_ID_ORDER">
      <list>
        <option value="Default.Root" />
        <option value="Default.Subject" />
        <option value="Default.Author" />
        <option value="Default.Date" />
        <option value="Default.Hash" />
      </list>
    </option>
    <option name="COLUMN_ID_VISIBILITY">
      <map>
        <entry key="Table.Default.Hash.ColumnIdVisibility" value="true" />
      </map>
    </option>
  </component>
  <component name="VcsApplicationSettings">
    <option name="PATCH_STORAGE_LOCATION" value="$USER_HOME$/Downloads" />
    <option name="COMMIT_FROM_LOCAL_CHANGES" value="true" />
  </component>
</application>