<application>
  <component name="DimensionService">
    <location key="WELCOME_SCREEN.0.0.3456.2234@192dpi" x="1728" y="600" />
    <location key="find.popup.0.0.3456.2234@192dpi" x="1226" y="304" />
    <size key="find.popup.0.0.3456.2234@192dpi" width="2218" height="1602" />
    <size key="GridCell.Tab.0.left.0.0.3456.2234@192dpi" width="3456" height="602" />
    <size key="GridCell.Tab.0.center.0.0.3456.2234@192dpi" width="3456" height="602" />
    <size key="GridCell.Tab.0.right.0.0.3456.2234@192dpi" width="3456" height="602" />
    <size key="GridCell.Tab.0.bottom.0.0.3456.2234@192dpi" width="3456" height="602" />
  </component>
  <component name="WindowManager">
    <frame x="164" y="77" width="1400" height="1000" extendedState="6" fullScreen="true" />
  </component>
  <component name="WindowStateApplicationService">
    <state width="823" height="119" key="ShowUsagesActions.dimensionServiceKey" timestamp="1740565225806">
      <screen x="0" y="32" width="1728" height="1085" />
    </state>
    <state width="823" height="119" key="ShowUsagesActions.dimensionServiceKey/0.32.1728.1085" timestamp="1740565225806" />
    <state x="864" y="506" width="800" height="650" key="WELCOME_SCREEN" timestamp="1740469296931">
      <screen x="0" y="38" width="1728" height="1079" />
    </state>
    <state x="864" y="506" width="800" height="650" key="WELCOME_SCREEN/0.38.1728.1079" timestamp="1740469296931" />
  </component>
</application>