<application>
  <component name="DimensionService">
    <location key="WELCOME_SCREEN.0.0.3456.2234@192dpi" x="1728" y="600" />
    <location key="find.popup.0.0.3456.2234@192dpi" x="1010" y="304" />
    <location key="find.popup.786.2880.3456.2234@192dpi" x="1796" y="3184" />
    <size key="find.popup.0.0.3456.2234@192dpi" width="2446" height="1602" />
    <size key="GridCell.Tab.0.left.0.0.3456.2234@192dpi" width="2416" height="470" />
    <size key="GridCell.Tab.0.center.0.0.3456.2234@192dpi" width="2416" height="470" />
    <size key="GridCell.Tab.0.right.0.0.3456.2234@192dpi" width="2416" height="470" />
    <size key="GridCell.Tab.0.bottom.0.0.3456.2234@192dpi" width="2416" height="470" />
    <size key="GridCell.Tab.1.left.0.0.3456.2234@192dpi" width="2528" height="470" />
    <size key="GridCell.Tab.1.center.0.0.3456.2234@192dpi" width="2528" height="470" />
    <size key="GridCell.Tab.1.right.0.0.3456.2234@192dpi" width="2528" height="470" />
    <size key="GridCell.Tab.1.bottom.0.0.3456.2234@192dpi" width="2528" height="470" />
    <size key="find.popup.786.2880.3456.2234@192dpi" width="2446" height="1602" />
    <size key="GridCell.Tab.0.left.786.2880.3456.2234@192dpi" width="2360" height="730" />
    <size key="GridCell.Tab.0.center.786.2880.3456.2234@192dpi" width="2360" height="730" />
    <size key="GridCell.Tab.0.right.786.2880.3456.2234@192dpi" width="2360" height="730" />
    <size key="GridCell.Tab.0.bottom.786.2880.3456.2234@192dpi" width="2360" height="730" />
    <size key="GridCell.Tab.1.left.786.2880.3456.2234@192dpi" width="3456" height="1116" />
    <size key="GridCell.Tab.1.center.786.2880.3456.2234@192dpi" width="3456" height="1116" />
    <size key="GridCell.Tab.1.right.786.2880.3456.2234@192dpi" width="3456" height="1116" />
    <size key="GridCell.Tab.1.bottom.786.2880.3456.2234@192dpi" width="3456" height="1116" />
  </component>
  <component name="WindowManager">
    <frame x="0" y="0" width="2560" height="1440" fullScreen="true" />
  </component>
  <component name="WindowStateApplicationService">
    <state width="794" height="124" key="ShowUsagesActions.dimensionServiceKey" timestamp="1742827259442">
      <screen x="0" y="25" width="2560" height="1415" />
    </state>
    <state width="740" height="124" key="ShowUsagesActions.dimensionServiceKey/0.32.1728.1085" timestamp="1742472608912" />
    <state width="794" height="124" key="ShowUsagesActions.dimensionServiceKey/393.1472.1728.1085/0.25.2560.1415" timestamp="1742827259442" />
    <state width="1050" height="124" key="ShowUsagesActions.dimensionServiceKey/393.1478.1728.1079/0.25.2560.1415" timestamp="1741850228139" />
    <state x="863" y="509" width="801" height="671" key="WELCOME_SCREEN" timestamp="1742474431427">
      <screen x="0" y="38" width="1728" height="1079" />
    </state>
    <state x="863" y="505" width="801" height="671" key="WELCOME_SCREEN/0.32.1728.1085" timestamp="1742370003767" />
    <state x="863" y="509" width="801" height="671" key="WELCOME_SCREEN/0.38.1728.1079" timestamp="1742474431427" />
    <state x="1280" y="642" width="1186" height="874" key="WELCOME_SCREEN/393.1478.1728.1079/0.25.2560.1415" timestamp="1741848613807" />
    <state x="529" y="310" width="670" height="690" key="search.everywhere.popup" timestamp="1740726517609">
      <screen x="0" y="38" width="1728" height="1079" />
    </state>
    <state x="529" y="310" width="670" height="690" key="search.everywhere.popup/0.38.1728.1079" timestamp="1740726517609" />
  </component>
</application>