<keymap version="1" name="RomanAn power" parent="Mac OS X 10.5+">
  <action id="ActivateAndroidEmulatorToolWindow">
    <keyboard-shortcut first-keystroke="shift alt e" />
  </action>
  <action id="ActivateDeviceManager2ToolWindow">
    <keyboard-shortcut first-keystroke="shift alt m" />
  </action>
  <action id="ActivateDeviceManagerToolWindow">
    <keyboard-shortcut first-keystroke="shift alt m" />
  </action>
  <action id="ActivateLogcatToolWindow">
    <keyboard-shortcut first-keystroke="meta 6" />
  </action>
  <action id="ActivateProblemsViewToolWindow" />
  <action id="ActivateRunningDevicesToolWindow">
    <keyboard-shortcut first-keystroke="shift alt e" />
  </action>
  <action id="ActivateTODOToolWindow" />
  <action id="Android.SyncProject">
    <keyboard-shortcut first-keystroke="shift meta i" />
  </action>
  <action id="CloseAllEditorsButActive">
    <keyboard-shortcut first-keystroke="shift meta w" />
  </action>
  <action id="ExternalSystem.ProjectRefreshAction" />
  <action id="android.deploy.ApplyChanges">
    <keyboard-shortcut first-keystroke="ctrl meta e" />
  </action>
  <action id="android.deploy.CodeSwap">
    <keyboard-shortcut first-keystroke="shift ctrl meta e" />
  </action>
</keymap>